City_ID,City,Country,Date,Lat,Lng,Max Temp,Humidity,Cloudiness,Wind Speed
0,Georgetown,MY,2021-01-04 02:45:33,5.41,100.34,77.0,88,20,4.7
1,New Norfolk,AU,2021-01-04 02:45:33,-42.78,147.06,69.01,53,93,3.0
2,Chokurdakh,RU,2021-01-04 02:45:33,70.63,147.92,-27.85,86,79,5.91
3,Mataura,NZ,2021-01-04 02:43:03,-46.19,168.86,62.01,71,85,11.01
4,Airai,TL,2021-01-04 02:45:33,-8.93,125.41,73.02,83,78,2.17
5,Albany,US,2021-01-04 02:45:34,42.6,-73.97,33.01,86,100,3.47
6,Lithakia,GR,2021-01-04 02:45:34,37.72,20.83,57.2,87,100,11.41
7,Broome,US,2021-01-04 02:45:34,42.25,-75.83,32.0,92,90,1.45
8,Rikitea,PF,2021-01-04 02:45:35,-23.12,-134.97,78.1,80,2,16.98
9,Chuy,UY,2021-01-04 02:45:35,-33.7,-53.46,68.13,88,0,9.71
10,Tuktoyaktuk,CA,2021-01-04 02:45:35,69.45,-133.04,-5.8,76,75,3.36
11,Punta Arenas,CL,2021-01-04 02:45:35,-53.15,-70.92,44.6,75,42,10.29
12,Tiksi,RU,2021-01-04 02:45:36,71.69,128.87,-18.54,81,7,4.56
13,Hobart,AU,2021-01-04 02:45:36,-42.88,147.33,66.0,63,75,6.93
14,Kahului,US,2021-01-04 02:43:06,20.89,-156.47,80.6,54,1,24.16
15,Saint-Georges,GD,2021-01-04 02:45:36,12.06,-61.75,75.2,88,40,14.94
16,Puerto Ayora,EC,2021-01-04 02:44:02,-0.74,-90.35,73.0,92,16,6.2
17,Anahuac,MX,2021-01-04 02:45:37,27.23,-100.15,59.0,47,5,8.59
18,Thompson,CA,2021-01-04 02:42:47,55.74,-97.86,5.0,84,90,6.93
19,Tateyama,JP,2021-01-04 02:45:37,34.98,139.87,51.8,62,40,2.24
20,Hermanus,ZA,2021-01-04 02:45:38,-34.42,19.23,71.01,85,63,4.0
21,Iskateley,RU,2021-01-04 02:45:38,67.68,53.15,-3.78,91,0,8.95
22,Quatre Cocos,MU,2021-01-04 02:45:38,-20.21,57.76,73.99,94,75,8.05
23,Henties Bay,NA,2021-01-04 02:45:39,-22.12,14.28,68.0,87,88,6.04
24,Butaritari,KI,2021-01-04 02:45:39,3.07,172.79,81.91,80,98,19.04
25,Bredasdorp,ZA,2021-01-04 02:45:39,-34.53,20.04,69.8,88,73,10.29
26,Chifeng,CN,2021-01-04 02:45:40,42.27,118.96,0.5,82,0,5.99
27,Mar Del Plata,AR,2021-01-04 02:42:25,-38.0,-57.56,71.6,68,0,6.93
28,Vallenar,CL,2021-01-04 02:45:40,-28.57,-70.76,64.17,64,0,1.57
29,Arraial Do Cabo,BR,2021-01-04 02:45:41,-22.97,-42.03,73.47,90,97,9.44
30,Cam Ranh,VN,2021-01-04 02:45:41,11.92,109.16,75.2,94,75,14.99
31,Constitucion,CL,2021-01-04 02:45:41,-35.33,-72.42,58.64,71,0,15.35
32,Thabazimbi,ZA,2021-01-04 02:45:41,-24.59,27.41,61.0,95,17,5.19
33,Avarua,CK,2021-01-04 02:45:42,-21.21,-159.78,84.2,70,37,17.22
34,Kapaa,US,2021-01-04 02:43:00,22.08,-159.32,78.8,65,90,13.87
35,Guilin,CN,2021-01-04 02:45:42,25.28,110.29,48.2,61,0,2.24
36,Hasaki,JP,2021-01-04 02:45:42,35.73,140.83,50.0,42,75,3.36
37,Khatanga,RU,2021-01-04 02:43:50,71.97,102.5,-1.97,92,100,10.85
38,Rio Gallegos,AR,2021-01-04 02:45:43,-51.62,-69.22,50.0,39,0,23.04
39,Pilar,BR,2021-01-04 02:45:43,-9.6,-35.96,73.4,94,20,4.7
40,Ovre Ardal,NO,2021-01-04 02:45:44,61.32,7.8,15.64,63,41,3.13
41,Lebu,CL,2021-01-04 02:45:44,-37.62,-73.65,55.45,73,0,22.53
42,Yurino,RU,2021-01-04 02:45:44,56.29,46.3,28.4,100,90,8.95
43,Chirongui,YT,2021-01-04 02:45:45,-12.93,45.15,78.8,88,75,10.29
44,Srednekolymsk,RU,2021-01-04 02:45:45,67.45,153.68,-17.64,88,100,5.17
45,Dwarka,IN,2021-01-04 02:45:45,22.24,68.97,66.27,49,0,15.19
46,Sairang,IN,2021-01-04 02:45:46,23.8,92.67,60.8,87,78,6.93
47,Stolin,BY,2021-01-04 02:45:46,51.89,26.85,39.34,95,99,6.04
48,Inyonga,TZ,2021-01-04 02:45:46,-6.72,32.07,64.06,97,100,2.86
49,Esperance,AU,2021-01-04 02:45:47,-33.87,121.9,68.0,45,90,11.41
50,Antalaha,MG,2021-01-04 02:41:26,-14.9,50.28,71.08,84,54,7.31
51,Karasburg,NA,2021-01-04 02:45:47,-28.02,18.75,68.36,78,87,11.27
52,Kaseda,JP,2021-01-04 02:45:47,31.42,130.32,50.0,57,20,2.24
53,Sovetskiy,RU,2021-01-04 02:45:47,61.36,63.58,-11.42,90,100,5.57
54,Ust-Ishim,RU,2021-01-04 02:45:48,57.69,71.17,-21.59,85,95,7.58
55,Narsaq,GL,2021-01-04 02:45:48,60.92,-46.05,23.0,79,100,8.75
56,Nikolskoye,RU,2021-01-04 02:45:48,59.7,30.79,27.0,92,90,2.24
57,Bengkulu,ID,2021-01-04 02:45:48,-3.8,102.27,83.16,60,37,4.92
58,Port Elizabeth,ZA,2021-01-04 02:45:49,-33.92,25.57,71.6,94,90,8.05
59,Busselton,AU,2021-01-04 02:45:49,-33.65,115.33,75.0,46,0,8.99
60,Saint-Philippe,RE,2021-01-04 02:45:49,-21.36,55.77,77.0,73,0,16.11
61,Salisbury,GB,2021-01-04 02:43:02,51.07,-1.8,37.4,86,75,13.87
62,Liberal,US,2021-01-04 02:42:05,37.04,-100.92,37.4,47,1,11.41
63,Bethel,US,2021-01-04 02:43:31,41.37,-73.41,32.0,95,90,8.05
64,Upernavik,GL,2021-01-04 02:44:50,72.79,-56.15,12.67,93,100,6.55
65,Atuona,PF,2021-01-04 02:45:50,-9.8,-139.03,78.28,77,100,16.49
66,Mildura,AU,2021-01-04 02:45:50,-34.2,142.15,78.8,39,86,12.75
67,Kruisfontein,ZA,2021-01-04 02:43:33,-34.0,24.73,69.01,92,71,1.01
68,Bambous Virieux,MU,2021-01-04 02:45:51,-20.34,57.76,73.99,94,75,8.05
69,Sur,OM,2021-01-04 02:45:51,22.57,59.53,67.33,41,0,16.42
70,Castro,BR,2021-01-04 02:45:51,-24.79,-50.01,58.01,92,95,10.29
71,Pombia,IT,2021-01-04 02:45:51,45.65,8.63,41.0,93,90,10.29
72,Sorland,NO,2021-01-04 02:45:52,67.67,12.69,42.03,75,100,22.95
73,Ribeira Grande,PT,2021-01-04 02:45:52,38.52,-28.7,62.92,83,100,20.89
74,Qui Nhon,VN,2021-01-04 02:45:52,13.77,109.23,74.01,89,97,13.69
75,Ushuaia,AR,2021-01-04 02:42:38,-54.8,-68.3,44.6,65,40,9.17
76,Storslett,NO,2021-01-04 02:45:52,69.77,21.02,33.71,87,100,10.18
77,Itaituba,BR,2021-01-04 02:45:53,-4.28,-55.98,74.34,96,100,0.85
78,Jamestown,US,2021-01-04 02:40:54,42.1,-79.24,34.0,98,90,3.36
79,Qaanaaq,GL,2021-01-04 02:45:53,77.48,-69.36,6.01,86,100,0.92
80,Inhambane,MZ,2021-01-04 02:45:53,-23.86,35.38,76.71,80,60,3.36
81,Orbetello,IT,2021-01-04 02:45:53,42.44,11.22,41.0,86,40,5.82
82,Victoria,HK,2021-01-04 02:41:59,22.29,114.16,66.0,52,47,1.01
83,Almansa,ES,2021-01-04 02:45:54,38.87,-1.1,36.0,74,75,9.17
84,Dikson,RU,2021-01-04 02:45:54,73.51,80.55,-2.6,85,42,15.99
85,Kodiak,US,2021-01-04 02:42:05,57.79,-152.41,23.0,79,20,4.7
86,Yar-Sale,RU,2021-01-04 02:45:55,66.83,70.83,-19.68,87,60,13.31
87,Lagoa,PT,2021-01-04 02:45:55,39.05,-27.98,62.83,85,100,30.44
88,Batsfjord,NO,2021-01-04 02:45:55,70.63,29.72,29.48,94,93,10.16
89,Uniontown,US,2021-01-04 02:45:55,39.9,-79.72,37.99,65,100,4.5
90,Salinopolis,BR,2021-01-04 02:45:55,-0.61,-47.36,78.82,85,91,11.07
91,Doume,CM,2021-01-04 02:45:56,4.23,13.45,65.19,67,94,2.53
92,Boca Do Acre,BR,2021-01-04 02:45:13,-8.75,-67.4,74.79,91,98,2.71
93,Goulburn,AU,2021-01-04 02:42:28,-34.75,149.72,64.99,74,100,8.01
94,Mandera,KE,2021-01-04 02:45:57,3.94,41.87,73.9,53,69,5.32
95,Sabha,LY,2021-01-04 02:45:57,27.04,14.43,57.56,51,21,10.29
96,Bluff,NZ,2021-01-04 02:45:57,-46.6,168.33,62.01,71,63,11.01
97,Kavieng,PG,2021-01-04 02:45:57,-2.57,150.8,86.11,67,90,15.39
98,Udachnyy,RU,2021-01-04 02:45:58,66.42,112.4,-40.0,58,75,6.71
99,Macusani,PE,2021-01-04 02:45:58,-14.08,-70.43,40.28,86,100,3.36
100,Cape Town,ZA,2021-01-04 02:45:13,-33.93,18.42,69.01,82,0,9.17
101,Nizhniy Tsasuchey,RU,2021-01-04 02:45:58,50.52,115.13,-3.46,76,15,10.69
102,Susehri,TR,2021-01-04 02:45:58,40.16,38.09,33.87,83,49,2.64
103,Hilo,US,2021-01-04 02:45:59,19.73,-155.09,80.6,61,1,9.17
104,Yellowknife,CA,2021-01-04 02:43:28,62.46,-114.35,-5.01,76,90,2.24
105,Port Alfred,ZA,2021-01-04 02:43:41,-33.59,26.89,71.01,94,45,3.44
106,Souillac,MU,2021-01-04 02:45:59,-20.52,57.52,73.4,94,75,8.05
107,Hamilton,US,2021-01-04 02:43:29,39.18,-84.53,35.6,90,90,3.36
108,Te Anau,NZ,2021-01-04 02:46:00,-45.42,167.72,64.65,61,49,5.79
109,Kapoeta,SS,2021-01-04 02:46:00,4.77,33.59,79.03,49,16,13.96
110,Tigil,RU,2021-01-04 02:43:16,57.8,158.67,7.9,95,99,1.97
111,Gubkinskiy,RU,2021-01-04 02:46:01,64.43,76.5,-22.5,86,0,10.18
112,Kambove,CD,2021-01-04 02:46:01,-10.88,26.6,59.45,100,73,2.26
113,Aban,RU,2021-01-04 02:46:01,56.67,96.06,-14.46,87,100,12.03
114,Jumla,NP,2021-01-04 02:46:02,29.27,82.18,50.02,44,99,1.97
115,Damara,CF,2021-01-04 02:46:02,4.96,18.7,67.44,77,100,0.81
116,Eenhana,NA,2021-01-04 02:46:02,-17.47,16.33,77.0,61,100,8.05
117,Salalah,OM,2021-01-04 02:46:03,17.02,54.09,68.0,37,0,5.82
118,Iqaluit,CA,2021-01-04 02:46:03,63.75,-68.51,-2.2,70,90,0.87
119,Kumluca,TR,2021-01-04 02:46:03,36.37,30.29,58.8,51,63,6.49
120,San Carlos De Bariloche,AR,2021-01-04 02:43:09,-41.15,-71.31,57.2,50,40,11.41
121,Buin,CL,2021-01-04 02:46:04,-33.73,-70.75,71.6,43,0,10.29
122,Colac,AU,2021-01-04 02:46:04,-38.33,143.58,57.0,99,98,5.99
123,Cherskiy,RU,2021-01-04 02:45:54,68.75,161.3,-27.22,85,85,4.63
124,Locri,IT,2021-01-04 02:46:04,38.24,16.26,50.0,71,74,2.24
125,Pevek,RU,2021-01-04 02:46:05,69.7,170.31,-18.15,89,72,6.8
126,Mokhsogollokh,RU,2021-01-04 02:46:05,61.47,128.92,-35.97,83,100,0.47
127,Ust-Nera,RU,2021-01-04 02:46:05,64.57,143.2,-21.69,78,100,4.65
128,Lima,PE,2021-01-04 02:43:58,-12.04,-77.03,69.8,83,75,13.87
129,Sao Lourenco Do Sul,BR,2021-01-04 02:46:06,-31.37,-51.98,73.99,80,3,5.01
130,Bilma,NE,2021-01-04 02:46:06,18.69,12.92,67.5,24,0,5.14
131,La Asuncion,VE,2021-01-04 02:46:06,11.03,-63.86,76.01,78,7,11.07
132,Hithadhoo,MV,2021-01-04 02:46:06,-0.6,73.08,83.05,74,75,7.63
133,Samarai,PG,2021-01-04 02:46:07,-10.62,150.67,86.99,66,100,16.2
134,Ancud,CL,2021-01-04 02:46:07,-41.87,-73.82,53.01,81,0,6.93
135,Goderich,CA,2021-01-04 02:41:09,43.75,-81.72,32.0,90,94,1.12
136,Junction City,US,2021-01-04 02:46:07,39.03,-96.83,39.2,69,1,3.36
137,Kazachinskoye,RU,2021-01-04 02:46:07,57.7,93.28,-13.77,87,100,7.58
138,Lompoc,US,2021-01-04 02:46:08,34.64,-120.46,53.6,87,75,3.36
139,Hambantota,LK,2021-01-04 02:45:42,6.12,81.12,77.0,100,90,4.7
140,Carnarvon,AU,2021-01-04 02:46:08,-24.87,113.63,80.6,74,40,14.99
141,Deputatskiy,RU,2021-01-04 02:46:08,69.3,139.9,-26.88,88,46,1.52
142,Kaitangata,NZ,2021-01-04 02:46:08,-46.28,169.85,64.0,59,100,8.01
143,Tuatapere,NZ,2021-01-04 02:46:09,-46.13,167.68,62.01,71,89,11.01
144,Gondar,ET,2021-01-04 02:46:09,12.6,37.47,53.92,45,1,4.74
145,Ponta Do Sol,PT,2021-01-04 02:46:09,32.67,-17.1,62.6,72,75,12.75
146,Provideniya,RU,2021-01-04 02:46:10,64.38,-173.3,-3.78,86,0,20.58
147,Siocon,PH,2021-01-04 02:46:10,7.71,122.14,86.97,65,7,4.34
148,Manta,EC,2021-01-04 02:45:11,-0.95,-80.73,77.0,83,40,3.36
149,Kloulklubed,PW,2021-01-04 02:46:10,7.04,134.26,86.0,70,75,14.99
150,Phan Thiet,VN,2021-01-04 02:46:10,10.93,108.1,81.03,66,98,7.49
151,Estevan,CA,2021-01-04 02:46:11,49.13,-102.98,35.6,80,40,14.99
152,Katsuura,JP,2021-01-04 02:42:12,35.13,140.3,48.0,52,75,4.7
153,College,US,2021-01-04 02:46:11,64.86,-147.8,1.4,64,75,5.82
154,Dapdap,PH,2021-01-04 02:46:11,12.06,125.49,81.84,83,33,13.44
155,Klaksvik,FO,2021-01-04 02:46:11,62.23,-6.59,42.8,93,97,19.46
156,Alice Springs,AU,2021-01-04 02:46:12,-23.7,133.88,89.01,37,18,12.75
157,San Quintin,MX,2021-01-04 02:46:12,30.48,-115.95,58.44,82,0,13.94
158,Igrim,RU,2021-01-04 02:46:12,63.19,64.42,-16.49,88,95,4.99
159,Presidencia Roque Saenz Pena,AR,2021-01-04 02:46:12,-26.79,-60.44,82.0,47,94,4.0
160,Fuling,CN,2021-01-04 02:46:12,29.7,107.39,46.35,70,95,2.08
161,Khowai,IN,2021-01-04 02:46:13,24.1,91.63,57.2,100,74,2.51
162,Miranda,CO,2021-01-04 02:46:13,3.25,-76.23,73.4,78,75,2.24
163,Martapura,ID,2021-01-04 02:46:14,-3.42,114.85,82.4,83,40,6.93
164,Shaunavon,CA,2021-01-04 02:46:14,49.65,-108.42,26.6,73,7,13.87
165,Edea,CM,2021-01-04 02:46:14,3.8,10.13,78.8,100,75,2.24
166,Innisfail,AU,2021-01-04 02:46:14,-17.53,146.03,75.99,85,100,5.01
167,East London,ZA,2021-01-04 02:46:14,-33.02,27.91,71.96,86,2,8.3
168,Kamina,CD,2021-01-04 02:46:15,-8.74,24.99,64.02,98,100,2.19
169,Barrow,US,2021-01-04 02:46:15,71.29,-156.79,-0.4,77,90,8.05
170,Aklavik,CA,2021-01-04 02:46:15,68.22,-135.01,-22.0,74,99,7.14
171,Araouane,ML,2021-01-04 02:46:15,18.9,-3.53,65.66,23,0,6.78
172,Vaini,TO,2021-01-04 02:46:16,-21.2,-175.2,82.4,83,75,13.87
173,Belaya Gora,RU,2021-01-04 02:46:16,68.53,146.42,-23.98,86,100,6.24
174,Altea,ES,2021-01-04 02:46:16,38.6,-0.05,48.99,49,0,1.99
175,Mathathane,BW,2021-01-04 02:46:16,-22.27,28.75,68.38,84,0,7.02
176,Namanyere,TZ,2021-01-04 02:46:17,-7.52,31.05,60.35,82,97,2.68
177,Los Llanos De Aridane,ES,2021-01-04 02:46:17,28.66,-17.92,66.2,82,75,14.99
178,Okhotsk,RU,2021-01-04 02:46:17,59.38,143.3,-9.47,83,100,13.51
179,Bud,US,2021-01-04 02:46:17,39.45,-86.18,33.01,91,80,3.24
180,Ostrovnoy,RU,2021-01-04 02:46:18,68.05,39.51,9.1,93,2,5.66
181,Longyearbyen,SJ,2021-01-04 02:46:18,78.22,15.64,41.0,65,40,34.45
182,Niksic,ME,2021-01-04 02:43:41,42.77,18.94,50.0,81,75,5.82
183,Rura,IN,2021-01-04 02:46:18,26.48,79.9,66.27,61,24,4.74
184,Tahta,EG,2021-01-04 02:46:19,26.77,31.5,50.0,76,0,4.7
185,Ivankiv,UA,2021-01-04 02:46:19,50.94,29.89,35.6,100,100,11.18
186,Wanning,CN,2021-01-04 02:46:19,18.8,110.4,68.25,76,98,11.63
187,Lakhimpur,IN,2021-01-04 02:46:19,27.95,80.77,66.85,56,100,1.14
188,Cabedelo,BR,2021-01-04 02:46:19,-6.98,-34.83,78.8,88,40,8.05
189,Pimenta Bueno,BR,2021-01-04 02:46:20,-11.67,-61.19,72.45,96,100,2.95
190,Tasiilaq,GL,2021-01-04 02:46:20,65.61,-37.64,28.4,79,100,10.29
191,Bima,ID,2021-01-04 02:46:20,-8.47,118.72,89.67,63,88,0.47
192,Mulchen,CL,2021-01-04 02:46:20,-37.72,-72.23,58.39,59,0,8.23
193,Kinchil,MX,2021-01-04 02:46:20,20.92,-89.95,75.0,88,75,5.82
194,Dyurtyuli,RU,2021-01-04 02:46:21,55.49,54.87,12.2,96,93,8.43
195,Kiruna,SE,2021-01-04 02:46:21,67.86,20.23,14.0,85,100,8.05
196,Saskylakh,RU,2021-01-04 02:46:21,71.92,114.08,-11.92,88,94,9.91
197,Carutapera,BR,2021-01-04 02:46:21,-1.2,-46.02,76.57,90,79,6.11
198,Upata,VE,2021-01-04 02:46:22,8.01,-62.4,77.0,77,8,5.99
199,Balgazyn,RU,2021-01-04 02:46:22,51.0,95.2,-15.61,86,100,1.97
200,Miraflores,MX,2021-01-04 02:46:22,19.22,-98.81,66.2,34,5,4.7
201,Casper,US,2021-01-04 02:45:09,42.87,-106.31,34.0,64,75,16.11
202,Itaqui,BR,2021-01-04 02:46:23,-29.13,-56.55,77.27,43,47,13.18
203,Dallas,US,2021-01-04 02:44:55,32.77,-96.78,51.8,50,1,7.07
204,Chapais,CA,2021-01-04 02:44:57,49.78,-74.85,21.2,92,90,11.41
205,San Patricio,US,2021-01-04 02:46:23,28.02,-97.52,57.99,93,20,10.29
206,Hashtrud,IR,2021-01-04 02:46:24,37.48,47.05,17.56,92,53,3.62
207,Sakakah,SA,2021-01-04 02:46:24,29.97,40.21,51.8,81,0,3.36
208,Nata,PA,2021-01-04 02:46:24,8.33,-80.52,75.99,53,0,5.41
209,Hami,CN,2021-01-04 02:46:25,42.8,93.45,11.21,71,0,9.24
210,Mana,GF,2021-01-04 02:46:25,5.66,-53.78,76.32,86,100,6.6
211,Huntington Beach,US,2021-01-04 02:46:25,33.66,-118.0,57.0,90,15,1.01
212,Bubaque,GW,2021-01-04 02:46:26,11.28,-15.83,79.41,62,0,10.4
213,General Roca,AR,2021-01-04 02:46:26,-39.03,-67.58,71.6,68,0,5.82
214,Pacifica,US,2021-01-04 02:46:26,37.61,-122.49,51.01,100,90,4.7
215,Ola,RU,2021-01-04 02:46:26,59.58,151.28,-6.5,89,100,12.97
216,Port Lincoln,AU,2021-01-04 02:45:03,-34.73,135.87,66.09,64,86,19.53
217,Talnakh,RU,2021-01-04 02:46:27,69.49,88.4,1.4,84,90,8.95
218,Sao Paulo De Olivenca,BR,2021-01-04 02:46:27,-3.38,-68.87,73.94,97,100,2.64
219,Alappuzha,IN,2021-01-04 02:46:27,9.49,76.33,79.02,78,5,4.72
220,Opuwo,NA,2021-01-04 02:46:27,-18.06,13.84,65.97,70,100,1.61
221,Beloha,MG,2021-01-04 02:46:28,-25.17,45.05,73.11,62,0,8.99
222,Awbari,LY,2021-01-04 02:46:28,26.59,12.78,56.08,56,12,8.28
223,Waingapu,ID,2021-01-04 02:46:28,-9.66,120.26,86.59,63,45,4.54
224,Labuhan,ID,2021-01-04 02:46:28,-6.88,112.21,84.27,69,99,4.47
225,Coihaique,CL,2021-01-04 02:46:29,-45.58,-72.07,48.2,66,0,3.36
226,Jodhpur,IN,2021-01-04 02:42:18,26.29,73.03,55.92,65,0,9.13
227,Arvin,US,2021-01-04 02:42:16,35.21,-118.83,51.01,80,85,3.0
228,Umm Lajj,SA,2021-01-04 02:46:29,25.02,37.27,70.18,66,0,7.65
229,Los Andes,CL,2021-01-04 02:43:20,-32.83,-70.6,71.6,43,0,10.29
230,Berlevag,NO,2021-01-04 02:46:30,70.86,29.09,32.49,94,97,17.36
231,Taoudenni,ML,2021-01-04 02:46:30,22.68,-3.98,58.5,32,0,4.21
232,Sibiti,CG,2021-01-04 02:46:30,-3.68,13.35,69.22,100,100,0.74
233,Yumen,CN,2021-01-04 02:46:30,40.28,97.2,7.84,73,66,9.8
234,Biloela,AU,2021-01-04 02:46:30,-24.42,150.5,90.12,42,99,8.23
235,Krasnoselkup,RU,2021-01-04 02:46:31,65.7,82.47,-21.62,87,29,7.7
236,Itoman,JP,2021-01-04 02:43:24,26.12,127.67,69.8,73,75,11.41
237,Canto Do Buriti,BR,2021-01-04 02:46:31,-8.11,-42.94,75.06,80,13,2.44
238,Honiara,SB,2021-01-04 02:46:31,-9.43,159.95,87.8,74,20,6.93
239,Loa Janan,ID,2021-01-04 02:44:31,-0.58,117.09,84.54,76,96,3.38
240,Scarborough,GB,2021-01-04 02:46:32,54.28,-0.4,41.0,77,99,8.01
241,Charters Towers,AU,2021-01-04 02:46:32,-20.1,146.27,79.2,70,100,13.56
242,Ruidoso,US,2021-01-04 02:44:38,33.33,-105.67,44.6,20,1,11.41
243,Muleba,TZ,2021-01-04 02:46:33,-1.84,31.65,65.48,78,100,5.12
244,Ugoofaaru,MV,2021-01-04 02:46:33,5.67,73.0,81.7,73,12,7.34
245,Kendari,ID,2021-01-04 02:46:33,-3.94,122.5,78.64,87,100,2.57
246,Ahipara,NZ,2021-01-04 02:46:33,-35.17,173.17,71.69,63,24,2.64
247,Gidam,IN,2021-01-04 02:46:33,18.98,81.4,69.87,46,40,1.61
248,Aleksandrov Gay,RU,2021-01-04 02:46:34,50.15,48.57,20.91,98,55,2.1
249,Sao Filipe,CV,2021-01-04 02:46:34,14.9,-24.5,73.94,76,36,3.91
250,Hattiesburg,US,2021-01-04 02:42:16,31.33,-89.29,42.01,86,1,3.11
251,Necochea,AR,2021-01-04 02:46:34,-38.55,-58.74,66.99,84,100,4.47
252,Matagami,CA,2021-01-04 02:46:35,49.75,-77.63,28.4,92,90,6.93
253,Tautira,PF,2021-01-04 02:46:35,-17.73,-149.15,86.0,55,20,2.24
254,San Cristobal,VE,2021-01-04 02:42:45,7.77,-72.22,63.77,92,91,2.26
255,Slobodskoy,RU,2021-01-04 02:46:35,58.73,50.18,14.34,97,96,4.52
256,Lexington,US,2021-01-04 02:46:35,37.99,-84.48,36.0,100,90,3.36
257,Maturin,VE,2021-01-04 02:46:36,9.75,-63.18,67.57,84,5,6.24
258,Saint Anthony,US,2021-01-04 02:46:36,45.02,-93.22,27.0,79,1,8.05
259,Udomlya,RU,2021-01-04 02:46:36,57.88,34.99,20.82,98,67,4.76
260,Sangar,RU,2021-01-04 02:45:21,63.92,127.47,-41.87,80,99,1.3
261,Lakatoro,VU,2021-01-04 02:46:37,-16.1,167.42,84.2,79,75,2.24
262,Gat,IL,2021-01-04 02:46:37,31.61,34.76,55.99,93,11,2.24
263,Asau,RO,2021-01-04 02:46:37,46.43,26.4,39.99,77,99,1.63
264,Gilbues,BR,2021-01-04 02:46:37,-9.83,-45.34,73.81,86,97,1.68
265,Tobermory,CA,2021-01-04 02:46:37,45.25,-81.67,35.6,80,85,4.7
266,Clyde River,CA,2021-01-04 02:46:38,70.47,-68.59,-23.8,74,1,4.7
267,Usinsk,RU,2021-01-04 02:46:38,65.99,57.53,-4.38,92,73,7.49
268,Matamba,TZ,2021-01-04 02:46:38,-8.98,33.97,54.86,96,99,0.13
269,Agirish,RU,2021-01-04 02:46:38,61.92,63.02,-13.31,90,100,5.19
270,Ulladulla,AU,2021-01-04 02:46:39,-35.35,150.47,81.0,69,90,2.24
271,Faya,SA,2021-01-04 02:46:39,18.39,42.45,50.0,81,0,3.36
272,Margate,GB,2021-01-04 02:42:44,51.38,1.39,43.0,74,100,8.01
273,Zhigansk,RU,2021-01-04 02:46:39,66.77,123.37,-33.32,82,95,6.08
274,Benjamin Hill,MX,2021-01-04 02:46:39,30.17,-111.1,57.99,45,0,1.99
275,Olinda,BR,2021-01-04 02:46:40,-8.01,-34.86,78.8,74,75,9.17
276,Norman Wells,CA,2021-01-04 02:46:40,65.28,-126.83,-11.2,69,75,8.05
277,Alofi,NU,2021-01-04 02:46:40,-19.06,-169.92,84.2,74,75,3.36
278,Nanortalik,GL,2021-01-04 02:46:40,60.14,-45.24,24.37,96,99,6.76
279,Codrington,AU,2021-01-04 02:46:40,-38.27,141.97,58.98,73,100,15.95
280,North Platte,US,2021-01-04 02:46:41,41.12,-100.77,34.0,79,1,3.36
281,Kandla,IN,2021-01-04 02:46:41,23.03,70.22,63.01,61,0,11.83
282,San Vicente,AR,2021-01-04 02:46:41,-26.62,-54.13,71.35,68,57,4.23
283,Sambava,MG,2021-01-04 02:42:13,-14.27,50.17,73.62,80,78,8.52
284,Lugazi,UG,2021-01-04 02:46:42,0.38,32.92,61.12,93,84,0.58
285,Koregaon,IN,2021-01-04 02:46:42,18.65,74.08,71.6,50,66,10.07
286,Samut Songkhram,TH,2021-01-04 02:46:42,13.4,99.96,82.0,61,70,9.15
287,Mangrol,IN,2021-01-04 02:46:42,21.12,70.12,61.25,52,0,11.77
288,Manzanares,ES,2021-01-04 02:46:43,39.0,-3.37,33.01,90,0,8.66
289,Omboue,GA,2021-01-04 02:46:43,-1.57,9.26,77.09,86,72,2.48
290,Hobyo,SO,2021-01-04 02:46:43,5.35,48.53,75.06,77,79,17.43
291,Baruun-Urt,MN,2021-01-04 02:46:43,46.68,113.28,-16.82,82,12,10.85
292,San Andres,CO,2021-01-04 02:42:14,12.58,-81.7,80.6,78,40,14.99
293,Jiaojiang,CN,2021-01-04 02:46:44,28.68,121.44,59.0,77,97,5.57
294,Abu Kamal,SY,2021-01-04 02:46:45,34.45,40.92,50.02,51,98,4.27
295,Richards Bay,ZA,2021-01-04 02:46:46,-28.78,32.04,71.15,93,1,6.76
296,Bonavista,CA,2021-01-04 02:44:44,48.65,-53.11,28.4,92,99,4.7
297,Linden,GY,2021-01-04 02:46:47,6.0,-58.3,75.2,94,75,4.7
298,Cuamba,MZ,2021-01-04 02:46:47,-14.8,36.54,67.37,95,81,1.14
299,Gornopravdinsk,RU,2021-01-04 02:46:47,60.05,69.9,-21.15,85,12,7.16
300,Ramnagar,IN,2021-01-04 02:44:22,29.4,79.12,63.93,52,80,4.27
301,Tiznit,MA,2021-01-04 02:46:48,29.58,-9.5,50.7,49,68,3.24
302,Basoko,CD,2021-01-04 02:46:48,1.24,23.62,70.72,92,96,4.5
303,Kyrksaeterora,NO,2021-01-04 02:46:48,63.29,9.09,28.4,86,20,18.34
304,Almaznyy,RU,2021-01-04 02:46:48,48.04,40.05,32.0,99,90,15.66
305,Dingle,PH,2021-01-04 02:42:18,11.0,122.67,83.68,75,49,13.47
306,Ucluelet,CA,2021-01-04 02:42:32,48.93,-125.55,46.99,90,70,1.01
307,Sola,VU,2021-01-04 02:46:49,-13.88,167.55,84.18,69,99,8.1
308,Xuchang,CN,2021-01-04 02:46:50,34.02,113.82,33.8,50,94,6.71
309,Meulaboh,ID,2021-01-04 02:46:50,4.14,96.13,83.35,67,67,3.6
310,Imaichi,JP,2021-01-04 02:46:50,36.72,139.68,48.99,34,7,8.01
311,Puerto Ayacucho,VE,2021-01-04 02:46:50,5.66,-67.62,75.06,80,1,9.1
312,Serchhip,IN,2021-01-04 02:46:51,23.3,92.83,60.8,87,78,6.93
313,Terrasini,IT,2021-01-04 02:46:51,38.15,13.08,51.8,53,0,12.75
314,Saint-Augustin,CA,2021-01-04 02:46:51,51.23,-58.65,15.67,89,98,2.89
315,Moose Factory,CA,2021-01-04 02:46:51,51.26,-80.61,33.8,95,90,5.82
316,Malanje,AO,2021-01-04 02:46:51,-9.54,16.34,63.97,99,100,3.24
317,Vila Franca Do Campo,PT,2021-01-04 02:46:52,37.72,-25.43,59.0,100,75,24.16
318,Torbay,CA,2021-01-04 02:46:52,47.67,-52.73,34.0,92,90,13.87
319,Nabire,ID,2021-01-04 02:46:52,-3.37,135.48,87.28,61,94,5.26
320,Arawa,PG,2021-01-04 02:46:52,-6.21,155.54,87.37,57,92,6.62
321,Urumqi,CN,2021-01-04 02:46:52,43.8,87.6,-7.6,83,40,2.24
322,Mahebourg,MU,2021-01-04 02:46:53,-20.41,57.7,73.4,94,75,8.05
323,Pisco,PE,2021-01-04 02:46:53,-13.7,-76.22,69.8,83,0,13.87
324,Colares,PT,2021-01-04 02:46:53,38.8,-9.45,46.99,88,12,10.92
325,Port-Gentil,GA,2021-01-04 02:46:53,-0.72,8.78,80.26,81,100,10.58
326,Cabo San Lucas,MX,2021-01-04 02:46:53,22.89,-109.91,64.4,52,5,6.93
327,Marystown,CA,2021-01-04 02:46:54,47.17,-55.15,29.52,96,59,13.22
328,Waipawa,NZ,2021-01-04 02:46:54,-41.41,175.52,69.8,68,14,17.22
329,Tieling,CN,2021-01-04 02:46:54,42.29,123.84,8.29,70,0,5.95
330,Lavrentiya,RU,2021-01-04 02:43:39,65.58,-171.0,-7.26,89,6,15.08
331,Abashiri,JP,2021-01-04 02:46:54,44.02,144.27,23.0,62,40,4.7
332,Beringovskiy,RU,2021-01-04 02:46:55,63.05,179.32,12.72,95,100,29.37
333,Marneuli,GE,2021-01-04 02:46:55,41.48,44.81,30.2,92,90,2.24
334,Vao,NC,2021-01-04 02:46:55,-22.67,167.48,79.99,81,100,9.28
335,Esmeraldas,BR,2021-01-04 02:45:52,-19.76,-44.31,66.2,93,90,11.41
336,Krasnoarmeyskoye,RU,2021-01-04 02:46:56,52.72,50.03,21.67,97,76,6.15
337,Arlit,NE,2021-01-04 02:46:56,18.74,7.39,71.89,22,0,5.73
338,Mount Isa,AU,2021-01-04 02:43:01,-20.73,139.5,91.4,41,75,6.93
339,Yulara,AU,2021-01-04 02:46:56,-25.24,130.99,82.4,32,40,14.99
340,Seoul,KR,2021-01-04 02:43:34,37.57,126.98,28.4,35,90,3.36
341,Komsomolskiy,UZ,2021-01-04 02:46:57,40.43,71.72,19.4,85,90,2.24
342,Harper,LR,2021-01-04 02:46:57,4.38,-7.72,78.42,81,78,4.56
343,Oistins,BB,2021-01-04 02:46:57,13.07,-59.53,77.0,73,40,12.75
344,Saldanha,ZA,2021-01-04 02:46:57,-33.01,17.94,71.6,64,0,2.24
345,Vostok,RU,2021-01-04 02:46:58,46.49,135.88,-6.92,82,54,7.2
346,Corinto,GR,2021-01-04 02:46:58,37.94,22.96,60.01,65,99,1.99
347,Viedma,AR,2021-01-04 02:46:58,-40.81,-63.0,57.99,88,100,1.99
348,Wanaka,NZ,2021-01-04 02:46:58,-44.7,169.15,64.99,53,99,6.26
349,Erzin,TR,2021-01-04 02:46:58,36.96,36.2,46.4,100,53,3.36
350,Lorengau,PG,2021-01-04 02:46:59,-2.02,147.27,82.4,80,100,13.38
351,Nome,US,2021-01-04 02:46:59,64.5,-165.41,-0.4,54,1,10.29
352,Roma,US,2021-01-04 02:46:59,43.21,-75.46,30.99,92,90,3.36
353,Hof,DE,2021-01-04 02:46:59,50.32,11.92,30.99,98,99,4.0
354,Cayenne,GF,2021-01-04 02:47:00,4.93,-52.33,77.0,100,90,2.24
355,Aginskoye,RU,2021-01-04 02:47:00,51.1,114.53,-2.99,81,21,14.74
356,Brazzaville,CG,2021-01-04 02:47:00,-4.27,15.28,75.2,83,100,2.04
357,San Francisco,US,2021-01-04 02:46:35,37.77,-122.42,51.8,87,90,3.09
358,Saint-Pierre,RE,2021-01-04 02:47:00,-21.34,55.48,77.0,73,0,16.11
359,Morros,BR,2021-01-04 02:47:01,-9.45,-46.3,73.72,86,99,1.81
360,Luanda,AO,2021-01-04 02:47:01,-8.84,13.23,77.0,88,40,5.73
361,Weligama,LK,2021-01-04 02:47:01,5.97,80.42,78.87,82,96,8.99
362,Pirgos,GR,2021-01-04 02:47:01,35.12,25.72,60.01,84,100,9.42
363,Korla,CN,2021-01-04 02:47:01,41.76,86.15,15.39,80,28,8.05
364,Jacareacanga,BR,2021-01-04 02:47:02,-6.22,-57.75,73.04,97,100,1.45
365,Mwense,ZM,2021-01-04 02:47:02,-10.38,28.7,62.65,94,30,1.59
366,Hue,VN,2021-01-04 02:47:02,16.47,107.6,64.4,93,75,10.29
367,Hearst,CA,2021-01-04 02:47:02,49.68,-83.67,33.8,86,57,4.7
368,Kieta,PG,2021-01-04 02:47:03,-6.22,155.63,86.02,60,93,6.91
369,Saint-Donat-De-Montcalm,CA,2021-01-04 02:47:03,46.32,-74.22,22.05,97,100,2.26
370,Atambua,ID,2021-01-04 02:45:22,-9.11,124.89,83.35,72,82,6.35
371,Ilhabela,BR,2021-01-04 02:47:03,-23.78,-45.36,72.28,84,21,1.39
372,Khorinsk,RU,2021-01-04 02:47:03,52.17,109.77,-0.72,86,100,14.5
373,Pokhara,NP,2021-01-04 02:47:04,28.23,83.98,67.89,23,13,0.96
374,Sabang,ID,2021-01-04 02:47:04,5.89,95.32,80.73,82,96,18.68
375,Datong,CN,2021-01-04 02:47:04,40.09,113.29,12.76,76,67,6.64
376,Ada,US,2021-01-04 02:47:05,43.42,-116.13,39.2,86,1,8.05
377,Cidreira,BR,2021-01-04 02:47:05,-30.18,-50.21,73.72,71,0,22.1
378,Vilhena,BR,2021-01-04 02:45:28,-12.74,-60.15,69.08,97,92,5.68
379,Acarau,BR,2021-01-04 02:47:05,-2.89,-40.12,78.28,85,6,11.5
380,Wajir,KE,2021-01-04 02:47:05,1.75,40.06,73.87,79,62,11.3
381,Oga,IT,2021-01-04 02:47:06,46.46,10.35,28.0,84,95,2.24
382,Mayumba,GA,2021-01-04 02:47:06,-3.43,10.66,77.54,90,100,4.79
383,Miri,MY,2021-01-04 02:47:06,4.41,114.01,84.2,79,40,5.82
384,Shakawe,BW,2021-01-04 02:47:06,-18.37,21.85,66.76,94,81,5.5
385,Abu Samrah,SY,2021-01-04 02:47:07,35.3,37.18,49.64,66,0,4.74
386,Kalemie,CD,2021-01-04 02:47:07,-5.95,29.19,69.17,83,98,2.48
387,Isangel,VU,2021-01-04 02:47:07,-19.55,169.27,82.4,83,75,15.37
388,Aldan,RU,2021-01-04 02:47:07,58.6,125.39,-20.11,87,100,1.59
389,Elko,US,2021-01-04 02:47:07,41.0,-115.5,35.01,87,87,3.0
390,Angoche,MZ,2021-01-04 02:47:08,-16.23,39.91,76.6,89,35,5.84
391,Sisimiut,GL,2021-01-04 02:47:08,66.94,-53.67,15.53,89,100,12.3
392,Dalbandin,PK,2021-01-04 02:44:10,28.89,64.41,37.42,60,0,5.37
393,Tessalit,ML,2021-01-04 02:47:08,20.2,1.01,60.73,28,0,5.93
394,Mpanda,TZ,2021-01-04 02:47:08,-6.37,31.04,64.76,92,100,1.23
395,Gorontalo,ID,2021-01-04 02:47:09,0.54,123.06,86.2,65,100,3.51
396,Newnan,US,2021-01-04 02:44:20,33.38,-84.8,44.6,65,1,4.76
397,Villaviciosa,ES,2021-01-04 02:47:09,43.48,-5.44,46.99,65,99,8.41
398,Petersburg,US,2021-01-04 02:42:19,37.23,-77.4,43.0,93,90,4.7
399,San Giovanni Rotondo,IT,2021-01-04 02:47:09,41.7,15.72,39.02,80,100,3.91
400,Baniachang,BD,2021-01-04 02:47:10,24.52,91.37,68.16,60,6,4.97
401,Bathsheba,BB,2021-01-04 02:47:10,13.22,-59.52,77.0,73,40,12.75
402,Port Blair,IN,2021-01-04 02:45:07,11.67,92.75,80.6,78,40,6.93
403,Jimani,DO,2021-01-04 02:47:10,18.49,-71.85,73.4,56,0,9.17
404,Atchison,US,2021-01-04 02:43:53,39.56,-95.12,32.0,94,88,8.68
405,Stanghelle,NO,2021-01-04 02:47:11,60.55,5.74,27.0,82,91,3.6
406,Garowe,SO,2021-01-04 02:47:11,8.41,48.48,63.95,75,99,7.9
407,Nurota,UZ,2021-01-04 02:47:11,40.56,65.69,23.0,92,90,4.7
408,Namibe,AO,2021-01-04 02:47:11,-15.2,12.15,70.39,79,100,3.47
409,Sinnamary,GF,2021-01-04 02:47:12,5.38,-52.95,76.98,89,100,10.83
410,Porto Velho,BR,2021-01-04 02:47:12,-8.76,-63.9,75.2,94,75,2.24
411,Husavik,IS,2021-01-04 02:46:35,66.04,-17.34,44.6,52,20,25.28
412,Libenge,CD,2021-01-04 02:47:12,3.65,18.63,68.72,89,99,2.19
413,Atar,MR,2021-01-04 02:47:13,20.52,-13.05,62.71,29,37,4.47
414,Kaeo,NZ,2021-01-04 02:47:13,-35.1,173.78,73.11,59,2,8.25
415,Smyrna,US,2021-01-04 02:47:13,33.88,-84.51,39.2,65,75,3.36
416,Dumas,US,2021-01-04 02:47:13,35.87,-101.97,41.0,30,1,5.82
417,Kavaratti,IN,2021-01-04 02:47:14,10.57,72.64,82.02,70,12,7.4
418,Tezu,IN,2021-01-04 02:47:14,27.92,96.17,71.64,22,0,1.61
419,Destin,US,2021-01-04 02:47:14,30.39,-86.5,48.0,81,1,6.82
420,Karwar,IN,2021-01-04 02:47:15,14.8,74.13,77.14,67,10,7.4
421,Touros,BR,2021-01-04 02:46:54,-5.2,-35.46,78.8,83,75,5.82
422,Mabopane,ZA,2021-01-04 02:47:15,-25.5,28.1,68.0,82,85,8.79
423,Zhob,PK,2021-01-04 02:44:08,31.34,69.45,39.87,70,57,3.67
424,Gummidipundi,IN,2021-01-04 02:47:15,13.4,80.15,75.2,94,40,2.24
425,Nchelenge,ZM,2021-01-04 02:47:16,-9.35,28.73,66.81,89,63,3.49
426,Muros,ES,2021-01-04 02:47:16,42.78,-9.06,36.0,96,73,3.0
427,Mezen,RU,2021-01-04 02:42:59,65.85,44.24,2.25,94,81,5.39
428,Vezirkopru,TR,2021-01-04 02:47:16,41.14,35.45,28.4,92,100,1.74
429,Walvis Bay,NA,2021-01-04 02:47:17,-22.96,14.51,68.0,82,64,3.36
430,Along,IN,2021-01-04 02:47:17,28.17,94.77,60.78,37,1,0.69
431,Dossor,KZ,2021-01-04 02:47:17,47.53,52.98,16.16,96,0,8.1
432,Altamira,BR,2021-01-04 02:47:17,-3.2,-52.21,73.04,96,100,2.77
433,Yangjiang,CN,2021-01-04 02:47:18,21.85,111.97,68.0,35,99,8.86
434,Sao Joao Da Barra,BR,2021-01-04 02:42:21,-21.64,-41.05,76.05,84,100,19.8
435,Cockburn Town,TC,2021-01-04 02:47:18,21.46,-71.14,76.91,76,23,17.9
436,Chake Chake,TZ,2021-01-04 02:47:18,-5.25,39.77,77.05,85,100,5.06
437,Kosa,RU,2021-01-04 02:47:18,59.94,55.0,6.08,95,99,7.52
438,Cotonou,BJ,2021-01-04 02:47:19,6.37,2.42,82.4,88,40,8.05
439,Dong Xoai,VN,2021-01-04 02:43:13,11.53,106.92,83.23,61,97,6.26
440,Santa Maria,BR,2021-01-04 02:47:19,-29.68,-53.81,73.4,73,0,11.41
441,Lebork,PL,2021-01-04 02:47:20,54.54,17.75,35.01,88,90,12.75
442,Vestmanna,FO,2021-01-04 02:47:20,62.16,-7.17,42.8,93,100,19.46
443,Velizh,RU,2021-01-04 02:47:20,55.61,31.2,32.23,98,100,5.28
444,Fortuna,US,2021-01-04 02:45:37,40.6,-124.16,57.0,76,90,14.99
445,Guerrero Negro,MX,2021-01-04 02:47:21,27.98,-114.06,58.75,78,0,11.77
446,Caravelas,BR,2021-01-04 02:47:21,-17.71,-39.25,75.33,89,100,5.26
447,Czarnkow,PL,2021-01-04 02:47:21,52.9,16.56,34.0,100,90,10.29
448,Port Hardy,CA,2021-01-04 02:47:21,50.7,-127.42,42.8,93,40,19.46
449,Moche,PE,2021-01-04 02:47:22,-8.17,-79.01,69.22,84,100,5.5
450,Petropavlovsk-Kamchatskiy,RU,2021-01-04 02:47:22,53.05,158.65,23.0,41,20,8.95
451,Ormara,PK,2021-01-04 02:47:22,25.21,64.64,61.74,31,0,10.49
452,Calamar,CO,2021-01-04 02:47:22,10.25,-74.91,78.8,78,0,9.17
453,Arroyo,ES,2021-01-04 02:47:22,41.61,-4.8,30.99,92,0,6.93
454,Pervomayskiy,RU,2021-01-04 02:47:23,53.25,40.29,21.76,97,100,8.43
455,Nakusp,CA,2021-01-04 02:47:23,50.25,-117.8,35.6,92,100,5.82
456,Rocha,UY,2021-01-04 02:47:23,-34.48,-54.33,63.72,96,1,7.99
457,Micomeseng,GQ,2021-01-04 02:47:23,2.15,10.62,70.88,97,87,3.0
458,San Jose,US,2021-01-04 02:46:19,37.34,-121.89,55.4,76,75,0.6
459,Severo-Kurilsk,RU,2021-01-04 02:47:24,50.68,156.12,22.8,92,97,24.63
460,Filadelfia,US,2021-01-04 02:46:55,39.95,-75.16,37.4,93,90,9.17
461,Flinders,AU,2021-01-04 02:47:24,-34.58,150.86,84.99,71,100,4.0
462,Port Hawkesbury,CA,2021-01-04 02:47:24,45.62,-61.35,27.0,92,90,4.7
463,Kutum,SD,2021-01-04 02:47:25,14.2,24.67,53.73,39,0,3.67
464,Prykolotne,UA,2021-01-04 02:47:25,50.16,37.35,26.26,99,100,10.96
465,Segovia,ES,2021-01-04 02:47:25,41.17,-4.0,35.01,89,100,9.66
466,Ambikapur,IN,2021-01-04 02:47:25,23.12,83.2,69.21,47,50,2.15
467,Tambacounda,SN,2021-01-04 02:47:26,13.75,-13.76,74.19,20,0,8.14
468,Adre,TD,2021-01-04 02:47:26,13.47,22.2,63.46,25,0,9.98
469,Tougan,BF,2021-01-04 02:47:26,13.07,-3.07,73.96,21,0,5.55
470,Bodaybo,RU,2021-01-04 02:47:26,57.85,114.19,-11.45,83,100,0.43
471,Fonte Boa,BR,2021-01-04 02:43:22,-2.5,-66.27,73.56,99,100,4.45
472,Beinamar,TD,2021-01-04 02:47:27,8.67,15.38,70.3,28,12,2.51
473,Aberdeen,GB,2021-01-04 02:47:27,57.14,-2.1,33.8,71,75,6.93
474,Makakilo City,US,2021-01-04 02:45:30,21.35,-158.09,78.8,61,75,6.93
475,Saint-Denis,FR,2021-01-04 02:47:27,48.92,2.33,37.4,86,90,8.05
476,Varhaug,NO,2021-01-04 02:47:27,58.61,5.65,25.0,92,0,6.22
477,Shiyan,CN,2021-01-04 02:47:28,32.65,110.78,42.66,59,34,2.01
478,Kearney,US,2021-01-04 02:47:00,40.7,-99.08,35.6,80,1,6.93
479,Seddon,AU,2021-01-04 02:47:28,-37.81,144.89,64.99,88,90,19.46
480,Hudson Bay,CA,2021-01-04 02:47:28,52.85,-102.38,32.83,94,100,6.96
481,Umba,RU,2021-01-04 02:47:28,66.69,34.34,17.49,96,86,3.56
482,Mjolby,SE,2021-01-04 02:47:29,58.33,15.12,30.2,86,100,6.93
483,Ilulissat,GL,2021-01-04 02:43:11,69.22,-51.1,17.6,78,100,12.75
484,Moberly,US,2021-01-04 02:47:29,39.42,-92.44,28.99,95,94,6.22
485,Nizwa,OM,2021-01-04 02:43:42,22.93,57.53,50.81,46,0,5.12
486,Abalak,RU,2021-01-04 02:47:30,58.13,68.59,-14.12,88,100,9.06
487,Banda Aceh,ID,2021-01-04 02:47:30,5.56,95.32,80.65,77,99,6.67
488,Collie,AU,2021-01-04 02:47:30,-33.37,116.15,73.0,39,0,1.99
489,Fairview,US,2021-01-04 02:47:30,40.81,-74.0,37.4,93,90,6.93
490,Taywarah,AF,2021-01-04 02:47:30,33.35,64.42,13.84,56,0,4.23
491,Suntar,RU,2021-01-04 02:47:31,62.14,117.63,-28.66,85,81,3.38
492,Tunduma,TZ,2021-01-04 02:47:31,-9.3,32.77,56.37,100,80,1.3
493,Yuanping,CN,2021-01-04 02:47:31,38.72,112.76,23.67,78,0,7.14
494,Kungurtug,RU,2021-01-04 02:47:31,50.6,97.52,-19.84,82,100,0.69
495,Buala,SB,2021-01-04 02:47:32,-8.14,159.59,86.16,61,100,6.64
496,Jalu,LY,2021-01-04 02:47:32,29.03,21.55,60.12,42,54,18.07
497,Dombarovskiy,RU,2021-01-04 02:47:32,50.76,59.54,3.18,92,99,7.54
498,Bang Rakam,TH,2021-01-04 02:47:32,16.76,100.12,82.0,60,0,3.36
499,Ayagoz,KZ,2021-01-04 02:47:32,47.97,80.44,-22.81,83,0,12.66
500,Kurchum,KZ,2021-01-04 02:47:33,48.57,83.65,-24.39,81,0,1.68
501,Geraldton,AU,2021-01-04 02:44:59,-28.77,114.6,91.4,22,47,27.51
502,Cabalitian,PH,2021-01-04 02:47:33,16.09,120.79,87.21,52,3,7.67
503,Sterling,US,2021-01-04 02:42:41,39.01,-77.43,39.2,93,90,5.82
504,Bogorodskoye,RU,2021-01-04 02:47:33,56.55,37.88,28.74,99,100,5.75
505,Rawson,AR,2021-01-04 02:47:34,-43.3,-65.1,62.22,60,44,10.8
506,Canutama,BR,2021-01-04 02:47:34,-6.53,-64.38,73.36,97,100,5.32
507,Karakol,KG,2021-01-04 02:47:34,42.49,78.39,18.48,68,0,4.32
508,Cleveland,US,2021-01-04 02:47:34,41.5,-81.7,35.01,93,90,5.82
509,Vardo,NO,2021-01-04 02:47:35,70.37,31.11,31.98,94,68,8.21
510,Canarana,BR,2021-01-04 02:47:35,-11.68,-41.77,69.15,79,43,7.87
511,Bilibino,RU,2021-01-04 02:47:35,68.05,166.44,-19.91,85,60,1.12
512,Rafaela,AR,2021-01-04 02:47:35,-31.25,-61.49,79.0,34,100,10.49
513,Luderitz,NA,2021-01-04 02:47:36,-26.65,15.16,69.8,73,100,2.21
514,Barra Patuca,HN,2021-01-04 02:47:36,15.8,-84.28,76.05,85,0,9.01
515,El Alto,PE,2021-01-04 02:47:36,-4.27,-81.21,66.85,86,98,12.12
516,Aloleng,PH,2021-01-04 02:47:36,16.13,119.78,85.89,64,0,4.25
517,Halifax,CA,2021-01-04 02:45:31,44.65,-63.57,30.99,80,100,5.82
518,Athabasca,CA,2021-01-04 02:47:37,54.72,-113.29,33.8,59,100,4.7
519,Sorong,ID,2021-01-04 02:44:24,-0.88,131.25,83.17,72,60,6.13
520,Altay,CN,2021-01-04 02:47:37,47.87,88.12,-10.91,60,0,2.62
521,Shache,CN,2021-01-04 02:47:37,38.42,77.24,17.46,87,0,5.93
522,Kimbe,PG,2021-01-04 02:47:37,-5.55,150.14,85.91,73,71,6.85
523,Invermere,CA,2021-01-04 02:45:15,50.52,-116.04,26.01,93,10,2.82
524,Benjamin Constant,BR,2021-01-04 02:44:53,-4.38,-70.03,74.97,93,100,2.24
525,Noumea,NC,2021-01-04 02:47:38,-22.28,166.46,87.8,66,99,9.17
526,Kanker,IN,2021-01-04 02:47:38,20.27,81.49,70.41,40,30,1.83
527,Umm Kaddadah,SD,2021-01-04 02:47:38,13.6,26.69,66.0,36,0,15.28
528,Saint-Joseph,RE,2021-01-04 02:47:39,-21.37,55.62,77.0,73,0,16.11
529,Coquimbo,CL,2021-01-04 02:43:16,-29.95,-71.34,59.0,82,0,4.7
530,Pitimbu,BR,2021-01-04 02:47:39,-7.47,-34.81,78.8,88,40,8.05
531,Aykhal,RU,2021-01-04 02:47:39,66.0,111.5,-40.0,58,75,6.71
532,Porto Novo,BJ,2021-01-04 02:47:40,6.5,2.6,82.4,88,40,8.05
533,Kem,RU,2021-01-04 02:47:40,64.96,34.58,20.61,98,99,6.22
534,Ati,TD,2021-01-04 02:47:40,13.22,18.34,73.92,20,0,9.51
535,Cap Malheureux,MU,2021-01-04 02:47:40,-19.98,57.61,73.99,83,0,3.0
536,Bemidji,US,2021-01-04 02:47:40,47.47,-94.88,28.4,79,1,6.93
537,Gomel,BY,2021-01-04 02:47:41,52.43,30.98,36.0,94,90,11.18
538,Iringa,TZ,2021-01-04 02:47:41,-7.77,35.7,59.02,94,100,0.4
539,Aden,YE,2021-01-04 02:47:41,12.78,45.04,76.28,72,45,11.12
540,Perth,AU,2021-01-04 02:45:30,-31.93,115.83,82.0,34,0,19.46
541,Sao Joaquim,BR,2021-01-04 02:47:41,-28.29,-49.93,50.86,100,42,3.2
542,Zhanjiang,CN,2021-01-04 02:47:42,21.28,110.34,65.52,39,94,6.38
543,Faanui,PF,2021-01-04 02:47:42,-16.48,-151.75,80.65,74,74,14.92
544,Tarija,BO,2021-01-04 02:47:42,-21.54,-64.73,66.16,75,100,4.03
545,Ust-Kuyga,RU,2021-01-04 02:47:42,70.02,135.6,-33.63,82,97,3.94
546,Maua,BR,2021-01-04 02:47:42,-23.67,-46.46,66.2,77,75,8.05
547,Sitka,US,2021-01-04 02:47:43,57.05,-135.33,39.2,93,90,8.05
548,Magistralnyy,RU,2021-01-04 02:47:43,56.17,107.45,-14.3,84,100,4.34
549,Leningradskiy,RU,2021-01-04 02:47:43,69.38,178.42,-10.57,88,34,4.74
550,Kaduna,NG,2021-01-04 02:44:15,10.52,7.44,68.86,24,0,5.64
551,Brae,GB,2021-01-04 02:47:44,60.4,-1.35,41.0,60,39,3.36
552,Ankang,CN,2021-01-04 02:47:44,32.68,109.02,46.45,53,43,2.17
553,Portland,US,2021-01-04 02:43:19,45.52,-122.68,48.99,81,90,8.05
554,Khorramshahr,IR,2021-01-04 02:47:45,30.44,48.17,53.6,81,0,2.24
555,Zverinogolovskoye,RU,2021-01-04 02:47:45,54.46,64.85,-1.93,90,100,9.89
556,Grand Gaube,MU,2021-01-04 02:47:46,-20.01,57.66,73.99,83,1,3.0
557,Bras-Panon,RE,2021-01-04 02:47:46,-21.0,55.68,77.0,61,0,13.87
558,Batticaloa,LK,2021-01-04 02:47:47,7.71,81.69,80.17,85,92,15.48
559,Majene,ID,2021-01-04 02:47:47,-3.54,118.97,87.01,60,93,3.8
560,Shenjiamen,CN,2021-01-04 02:47:47,29.96,122.3,52.97,72,59,14.99
561,Suhut,TR,2021-01-04 02:47:47,38.53,30.55,35.62,83,0,1.16
562,Kurumkan,RU,2021-01-04 02:47:48,54.3,110.3,-9.99,80,100,2.21
563,Maple Creek,CA,2021-01-04 02:43:50,49.92,-109.48,35.6,64,10,14.99
564,Bull Savanna,JM,2021-01-04 02:47:48,17.89,-77.59,70.72,80,5,6.26
565,Jatai,BR,2021-01-04 02:47:48,-17.88,-51.71,73.65,70,49,2.57
566,Kusti,SD,2021-01-04 02:47:49,13.16,32.66,69.82,37,5,9.71
567,Verkhnevilyuysk,RU,2021-01-04 02:47:49,63.45,120.32,-39.05,81,50,2.71
568,Belmonte,BR,2021-01-04 02:47:49,-15.86,-38.88,77.0,83,0,3.36
569,Ayna,PE,2021-01-04 02:47:49,-12.65,-73.92,61.16,76,84,0.38
570,Port-Cartier,CA,2021-01-04 02:47:49,50.03,-66.87,27.0,79,100,4.7
571,Sainte-Marie,RE,2021-01-04 02:47:50,-20.9,55.55,77.0,61,0,13.87
572,Tazovskiy,RU,2021-01-04 02:47:50,67.47,78.7,-18.69,88,22,9.19
573,Nantong,CN,2021-01-04 02:47:50,32.03,120.87,50.0,81,89,1.01
574,Barabinsk,RU,2021-01-04 02:47:50,55.36,78.36,-25.76,87,0,1.79
575,Kirksville,US,2021-01-04 02:47:51,40.19,-92.58,28.99,100,90,6.93
576,San Julian,MX,2021-01-04 02:47:51,21.02,-102.17,53.62,35,50,5.84
577,Placido De Castro,BR,2021-01-04 02:47:51,-10.34,-67.19,79.2,74,59,2.86
578,Salcedo,PH,2021-01-04 02:47:51,12.81,121.47,81.05,80,94,8.61
579,Laguna,US,2021-01-04 02:47:52,38.42,-121.42,53.01,87,1,3.51
580,Whitehorse,CA,2021-01-04 02:44:39,60.72,-135.05,5.0,77,75,9.17
581,Kaura Namoda,NG,2021-01-04 02:47:52,12.59,6.58,72.19,21,12,7.61
582,Ajdabiya,LY,2021-01-04 02:44:38,30.76,20.23,61.39,46,100,25.32
583,Dzheguta,RU,2021-01-04 02:47:52,43.97,42.04,34.11,59,0,3.44
584,Jiblah,YE,2021-01-04 02:47:53,13.92,44.15,53.74,80,21,1.48
585,Paamiut,GL,2021-01-04 02:47:53,61.99,-49.67,25.52,97,100,21.83
