City_ID,Date,City,Country,Lat,Lng,Max Temp,Humidity,Cloudiness,Wind Speed,Current Description
0,2021-01-08 05:34:58,Kapaa,US,22.0752,-159.319,73.4,78,40,3.44,scattered clouds
1,2021-01-08 05:34:58,Rezina,MD,47.7492,28.9622,32.47,92,100,4.38,overcast clouds
2,2021-01-08 05:34:59,Jamestown,US,42.097,-79.2353,25.0,93,90,5.75,overcast clouds
3,2021-01-08 05:34:59,Albany,US,42.6001,-73.9662,26.01,75,17,6.13,few clouds
4,2021-01-08 05:34:59,Pryazha,RU,61.6926,33.6216,15.8,92,90,4.47,light snow
5,2021-01-08 05:34:59,Vaini,TO,-21.2,-175.2,82.4,83,75,5.75,broken clouds
6,2021-01-08 05:35:00,Luhyny,UA,51.082,28.4006,32.14,95,100,13.27,overcast clouds
7,2021-01-08 05:35:00,Hobyo,SO,5.3505,48.5268,77.22,62,8,23.69,clear sky
8,2021-01-08 05:35:00,Norman Wells,CA,65.282,-126.8329,-5.8,77,1,4.61,clear sky
9,2021-01-08 05:35:01,Carnarvon,AU,-24.8667,113.6333,91.4,55,24,16.11,few clouds
10,2021-01-08 05:35:01,Ilulissat,GL,69.2167,-51.1,12.2,79,90,19.57,light snow
11,2021-01-08 05:35:01,Vostok,RU,46.4856,135.8833,-15.38,81,100,3.91,overcast clouds
12,2021-01-08 05:35:04,Porto Walter,BR,-8.2686,-72.7439,69.69,96,65,1.1,broken clouds
13,2021-01-08 05:35:04,Narsaq,GL,60.9167,-46.05,35.6,93,90,4.61,drizzle
14,2021-01-08 05:35:04,Rawson,AR,-43.3002,-65.1023,58.23,60,0,9.46,clear sky
15,2021-01-08 05:35:05,Elko,US,41.0002,-115.5012,28.4,80,1,4.61,clear sky
16,2021-01-08 05:35:05,Lugoba,TZ,-6.45,38.3333,78.57,75,76,7.25,broken clouds
17,2021-01-08 05:35:05,Saint-Augustin,CA,51.226,-58.6502,42.44,84,100,22.57,light rain
18,2021-01-08 05:35:06,Tasiilaq,GL,65.6145,-37.6368,15.8,62,23,34.52,light snow
19,2021-01-08 05:32:45,Bethel,US,41.3712,-73.414,26.6,74,1,4.61,clear sky
20,2021-01-08 05:35:06,Tecpan,GT,14.7623,-90.9947,63.0,88,75,9.22,broken clouds
21,2021-01-08 05:35:06,Bluff,NZ,-46.6,168.3333,61.0,63,63,13.0,broken clouds
22,2021-01-08 05:30:07,Fort Nelson,CA,58.8053,-122.7002,-2.2,78,20,4.61,few clouds
23,2021-01-08 05:35:07,Georgetown,MY,5.4112,100.3354,88.0,62,20,6.91,few clouds
24,2021-01-08 05:32:18,Baglung,NP,28.2719,83.5898,72.88,21,84,5.23,broken clouds
25,2021-01-08 05:35:07,Saint-Pierre,RE,-21.3393,55.4781,82.4,65,0,20.71,clear sky
26,2021-01-08 05:35:08,Stornoway,GB,58.2093,-6.3865,30.0,93,40,6.91,scattered clouds
27,2021-01-08 05:35:00,Santa Fe,AR,-31.6333,-60.7,73.99,43,0,5.64,clear sky
28,2021-01-08 05:35:08,Mar Del Plata,AR,-38.0023,-57.5575,64.0,82,90,4.61,overcast clouds
29,2021-01-08 05:35:08,Hasaki,JP,35.7333,140.8333,46.0,22,40,10.36,scattered clouds
30,2021-01-08 05:35:09,Kavieng,PG,-2.5744,150.7967,84.13,75,100,15.66,moderate rain
31,2021-01-08 05:35:09,Chokurdakh,RU,70.6333,147.9167,-13.05,90,96,7.07,overcast clouds
32,2021-01-08 05:35:10,New Norfolk,AU,-42.7826,147.0587,75.0,37,1,3.0,clear sky
33,2021-01-08 05:35:10,Puerto Ayora,EC,-0.7393,-90.3518,72.0,95,56,6.91,broken clouds
34,2021-01-08 05:35:05,Barrow,US,71.2906,-156.7887,-9.4,77,20,4.61,few clouds
35,2021-01-08 05:32:09,Hobart,AU,-42.8794,147.3294,73.99,55,20,19.57,few clouds
36,2021-01-08 05:35:11,Kangaatsiaq,GL,68.3065,-53.4641,4.03,94,98,6.06,overcast clouds
37,2021-01-08 05:33:59,Maunabo,PR,18.0072,-65.8993,72.0,92,1,8.12,clear sky
38,2021-01-08 05:35:11,Rikitea,PF,-23.1203,-134.9692,78.6,68,84,1.25,broken clouds
39,2021-01-08 05:31:33,Maryville,US,35.7565,-83.9705,39.0,93,90,5.75,light rain
40,2021-01-08 05:35:12,Alta Floresta,BR,-9.8756,-56.0861,74.64,77,96,1.34,overcast clouds
41,2021-01-08 05:35:12,Moerai,PF,-22.4333,-151.3333,78.75,76,44,14.45,scattered clouds
42,2021-01-08 05:35:13,Marienburg,PL,54.0359,19.0266,30.99,100,99,7.16,overcast clouds
43,2021-01-08 05:35:13,Port Alfred,ZA,-33.5906,26.891,71.01,89,46,8.01,scattered clouds
44,2021-01-08 05:35:13,Ushuaia,AR,-54.8,-68.3,51.8,58,75,3.44,light rain
45,2021-01-08 05:30:51,Hilo,US,19.7297,-155.09,71.6,78,1,4.61,clear sky
46,2021-01-08 05:35:14,Bredasdorp,ZA,-34.5322,20.0403,68.0,68,60,2.3,broken clouds
47,2021-01-08 05:35:14,Avera,US,33.194,-82.5271,44.6,94,90,9.22,overcast clouds
48,2021-01-08 05:35:14,Havoysund,NO,70.9963,24.6622,23.0,63,0,28.77,clear sky
49,2021-01-08 05:35:15,Svetlogorsk,BY,52.6333,29.7333,32.41,98,100,12.86,snow
50,2021-01-08 05:35:15,Upernavik,GL,72.7868,-56.1549,-4.58,91,78,7.34,broken clouds
51,2021-01-08 05:35:15,Prince Rupert,CA,54.3161,-130.3201,48.2,49,40,8.05,scattered clouds
52,2021-01-08 05:35:16,Saskylakh,RU,71.9167,114.0833,-25.38,85,89,6.51,overcast clouds
53,2021-01-08 05:32:00,East London,ZA,-33.0153,27.9116,69.8,88,20,13.8,few clouds
54,2021-01-08 05:35:16,Mingaora,PK,34.7758,72.3625,54.16,36,89,2.24,overcast clouds
55,2021-01-08 05:35:17,Ruyigi,BI,-3.45,30.3167,65.28,88,10,2.51,clear sky
56,2021-01-08 05:35:17,Busselton,AU,-33.65,115.3333,104.0,15,31,5.01,scattered clouds
57,2021-01-08 05:35:17,Barabash,RU,43.2,131.4833,-2.2,35,0,15.66,clear sky
58,2021-01-08 05:35:18,Wanning,CN,18.8003,110.3967,57.67,82,100,17.6,overcast clouds
59,2021-01-08 05:35:18,Kaitangata,NZ,-46.2817,169.8464,59.0,63,71,13.0,broken clouds
60,2021-01-08 05:35:18,Ribeira Grande,PT,38.5167,-28.7,56.84,67,3,16.67,clear sky
61,2021-01-08 05:35:18,Coahuayana,MX,18.7333,-103.6833,69.48,73,69,2.84,broken clouds
62,2021-01-08 05:35:19,Shimanovsk,RU,52.0,127.7,-13.68,85,100,3.2,overcast clouds
63,2021-01-08 05:35:19,Yellowknife,CA,62.456,-114.3525,-2.99,84,1,5.75,clear sky
64,2021-01-08 05:35:19,Arraial Do Cabo,BR,-22.9661,-42.0278,75.51,93,83,9.35,broken clouds
65,2021-01-08 05:35:20,Ngunguru,NZ,-35.6167,174.5,66.88,88,78,8.32,broken clouds
66,2021-01-08 05:35:20,Senador Canedo,BR,-16.7081,-49.0931,68.0,94,0,4.61,clear sky
67,2021-01-08 05:35:20,Isiro,CD,2.7739,27.616,73.98,53,38,0.96,scattered clouds
68,2021-01-08 05:34:05,Geraldton,AU,-28.7667,114.6,98.6,15,35,14.97,scattered clouds
69,2021-01-08 05:35:21,Nioro,GM,13.35,-15.75,66.72,39,4,4.32,clear sky
70,2021-01-08 05:35:21,Manzhouli,CN,49.6,117.4333,-4.72,80,6,15.17,clear sky
71,2021-01-08 05:35:22,Castro,BR,-24.7911,-50.0119,64.2,98,100,3.27,overcast clouds
72,2021-01-08 05:35:22,Shache,CN,38.4167,77.2406,20.44,84,32,4.5,scattered clouds
73,2021-01-08 05:35:23,Dingle,PH,10.9995,122.6711,78.91,89,100,14.41,overcast clouds
74,2021-01-08 05:35:23,Nikolskoye,RU,59.7035,30.7861,24.8,86,75,11.18,broken clouds
75,2021-01-08 05:35:24,Coihaique,CL,-45.5752,-72.0662,51.8,58,0,6.91,clear sky
76,2021-01-08 05:35:24,Tarquinia,IT,42.2482,11.7553,41.0,79,94,1.01,overcast clouds
77,2021-01-08 05:35:24,Lixourion,GR,38.2019,20.4314,61.7,85,76,18.79,broken clouds
78,2021-01-08 05:35:25,Caravelas,BR,-17.7125,-39.2481,74.17,91,91,6.4,overcast clouds
79,2021-01-08 05:35:25,Semporna,MY,4.4818,118.6112,86.0,74,40,9.22,light rain
80,2021-01-08 05:32:40,Cape Town,ZA,-33.9258,18.4232,69.01,68,0,17.27,clear sky
81,2021-01-08 05:31:31,Hermanus,ZA,-34.4187,19.2345,72.0,69,68,1.01,broken clouds
82,2021-01-08 05:35:25,Umm Lajj,SA,25.0213,37.2685,77.29,41,0,14.79,clear sky
83,2021-01-08 05:32:19,Punta Arenas,CL,-53.15,-70.9167,48.2,76,90,16.11,light rain
84,2021-01-08 05:35:26,Qaanaaq,GL,77.484,-69.3632,-9.08,84,100,14.79,overcast clouds
85,2021-01-08 05:35:27,Dikson,RU,73.5069,80.5464,-0.45,93,100,16.06,overcast clouds
86,2021-01-08 05:35:27,Saint-Philippe,RE,-21.3585,55.7679,82.4,65,0,20.71,clear sky
87,2021-01-08 05:35:27,Qurayyat,SA,31.3318,37.3428,39.2,81,0,6.8,clear sky
88,2021-01-08 05:35:28,Butaritari,KI,3.0707,172.7902,81.21,82,79,20.24,broken clouds
89,2021-01-08 05:35:28,Avarua,CK,-21.2078,-159.775,80.6,74,20,9.22,few clouds
90,2021-01-08 05:32:14,Thompson,CA,55.7435,-97.8558,17.6,93,1,3.44,clear sky
91,2021-01-08 05:35:28,Raymond Terrace,AU,-32.75,151.75,73.99,49,34,19.57,scattered clouds
92,2021-01-08 05:35:29,Pevek,RU,69.7008,170.3133,-10.46,91,100,3.33,overcast clouds
93,2021-01-08 05:35:29,Tiksi,RU,71.6872,128.8694,-15.9,88,100,15.5,overcast clouds
94,2021-01-08 05:31:29,Glendive,US,47.1053,-104.7125,32.0,86,90,8.05,snow
95,2021-01-08 05:35:29,Iwanai,JP,42.9744,140.5089,18.59,90,100,16.71,light snow
96,2021-01-08 05:35:30,Solnechnyy,RU,50.7214,136.6319,-11.74,84,82,4.21,broken clouds
97,2021-01-08 05:35:30,Kristiansund,NO,63.1115,7.732,28.4,64,20,4.61,few clouds
98,2021-01-08 05:35:30,Mataura,NZ,-46.1927,168.8643,61.0,63,84,13.0,broken clouds
99,2021-01-08 05:35:30,Itako,JP,35.9333,140.55,46.0,22,40,10.36,scattered clouds
100,2021-01-08 05:35:31,Carutapera,BR,-1.195,-46.02,78.13,86,38,5.55,scattered clouds
101,2021-01-08 05:35:31,Surt,LY,31.2089,16.5887,64.26,42,98,12.01,overcast clouds
102,2021-01-08 05:35:32,Maniitsoq,GL,65.4167,-52.9,7.92,76,0,8.37,clear sky
103,2021-01-08 05:35:32,Hofn,IS,64.2539,-15.2082,33.69,92,100,12.33,light snow
104,2021-01-08 05:35:32,Zhaodong,CN,46.0833,125.9833,-9.4,64,45,8.95,scattered clouds
105,2021-01-08 05:35:32,Port Hardy,CA,50.6996,-127.4199,48.2,71,75,33.38,broken clouds
106,2021-01-08 05:35:33,Eyemouth,GB,55.8713,-2.0901,34.0,95,100,21.41,overcast clouds
107,2021-01-08 05:35:33,Dawlatabad,AF,36.4141,64.9053,21.58,89,0,3.2,clear sky
108,2021-01-08 05:35:33,Rocha,UY,-34.4833,-54.3333,65.08,50,0,3.56,clear sky
109,2021-01-08 05:35:34,Chapais,CA,49.7834,-74.8492,6.8,85,90,6.91,light snow
110,2021-01-08 05:35:34,Severo-Kurilsk,RU,50.6789,156.125,22.28,89,100,15.17,overcast clouds
111,2021-01-08 05:35:35,Hithadhoo,MV,-0.6,73.0833,83.39,79,81,18.48,broken clouds
112,2021-01-08 05:35:35,Marsa Matruh,EG,31.3525,27.2453,59.0,88,75,3.44,broken clouds
113,2021-01-08 05:35:35,Leshukonskoye,RU,64.8989,45.7622,-8.93,90,0,4.34,clear sky
114,2021-01-08 05:35:36,Buritizeiro,BR,-17.3511,-44.9622,69.28,90,100,2.04,light rain
115,2021-01-08 05:35:36,Lashio,MM,22.9333,97.75,80.65,38,76,2.89,broken clouds
116,2021-01-08 05:35:36,Atuona,PF,-9.8,-139.0333,77.36,75,8,13.65,clear sky
117,2021-01-08 05:30:51,Saint George,US,37.1041,-113.5841,39.2,38,1,4.05,clear sky
118,2021-01-08 05:35:37,Fortuna,US,40.5982,-124.1573,51.01,93,75,20.71,moderate rain
119,2021-01-08 05:35:37,Hami,CN,42.8,93.45,17.49,56,80,8.5,broken clouds
120,2021-01-08 05:31:34,Whitehorse,CA,60.7161,-135.0538,26.6,80,20,23.02,few clouds
121,2021-01-08 05:35:38,Nanortalik,GL,60.1432,-45.2371,36.37,95,100,1.57,light rain
122,2021-01-08 05:35:38,Tuktoyaktuk,CA,69.4541,-133.0374,-7.6,77,1,6.91,clear sky
123,2021-01-08 05:35:38,Mvuma,ZW,-19.2792,30.5283,69.4,82,100,7.52,overcast clouds
124,2021-01-08 05:35:39,Nancha,CN,47.1333,129.2667,-10.01,76,87,6.96,overcast clouds
125,2021-01-08 05:35:39,Mount Gambier,AU,-37.8333,140.7667,80.6,41,0,19.57,clear sky
126,2021-01-08 05:35:40,Ravar,IR,31.2656,56.8055,42.82,41,0,2.01,clear sky
127,2021-01-08 05:35:40,Davila,PH,18.4726,120.5763,80.6,69,20,23.02,few clouds
128,2021-01-08 05:34:35,Anamur,TR,36.0751,32.8369,51.8,82,0,6.91,clear sky
129,2021-01-08 05:35:40,Odienne,CI,9.51,-7.5692,69.06,45,13,1.41,few clouds
130,2021-01-08 05:35:41,Longyearbyen,SJ,78.2186,15.6401,35.6,64,75,17.27,broken clouds
131,2021-01-08 05:35:41,Lebu,CL,-37.6167,-73.65,53.44,80,47,19.24,scattered clouds
132,2021-01-08 05:35:41,Hornepayne,CA,49.2138,-84.7705,12.69,96,0,3.04,clear sky
133,2021-01-08 05:35:42,Bathsheba,BB,13.2167,-59.5167,77.0,83,20,13.8,few clouds
134,2021-01-08 05:35:42,Agadir,MA,30.4202,-9.5982,62.6,100,87,3.44,moderate rain
135,2021-01-08 05:35:42,Orlik,RU,52.5178,99.825,-2.69,82,8,1.63,clear sky
136,2021-01-08 05:35:42,Pangnirtung,CA,66.1451,-65.7125,-8.03,60,20,1.9,few clouds
137,2021-01-08 05:31:39,Viedma,AR,-40.8135,-62.9967,57.69,72,0,3.44,clear sky
138,2021-01-08 05:35:43,Bengkulu,ID,-3.8004,102.2655,86.31,59,76,9.06,moderate rain
139,2021-01-08 05:35:43,Fortuna Foothills,US,32.6578,-114.4119,53.6,26,1,4.61,clear sky
140,2021-01-08 05:35:43,Srednekolymsk,RU,67.45,153.6833,-20.65,85,99,1.48,overcast clouds
141,2021-01-08 05:35:44,Kalabo,ZM,-14.97,22.6814,71.62,87,100,7.18,overcast clouds
142,2021-01-08 05:35:44,Novyy Oskol,RU,50.7631,37.8691,35.2,94,99,19.28,overcast clouds
143,2021-01-08 05:35:44,Jiujiang,CN,29.7333,115.9833,37.02,53,0,11.05,clear sky
144,2021-01-08 05:35:45,Abbeville,FR,50.1,1.8333,30.2,93,90,3.44,overcast clouds
145,2021-01-08 05:35:45,Grindavik,IS,63.8424,-22.4338,42.8,100,90,29.93,light intensity drizzle
146,2021-01-08 05:35:45,Clyde River,CA,70.4692,-68.5914,-2.2,71,1,18.41,clear sky
147,2021-01-08 05:35:46,Ntoum,GA,0.3833,9.7833,75.2,94,40,4.61,scattered clouds
148,2021-01-08 05:35:46,Sao Joao Da Barra,BR,-21.6403,-41.0511,75.54,91,85,11.05,overcast clouds
149,2021-01-08 05:35:47,Trat,TH,12.5,102.5,91.4,40,20,9.22,few clouds
150,2021-01-08 05:35:48,Xingyi,CN,24.1877,102.817,45.03,61,98,5.79,overcast clouds
151,2021-01-08 05:35:48,Tombouctou,ML,20.0,-3.0,68.14,24,10,8.66,clear sky
152,2021-01-08 05:34:16,Fairbanks,US,64.8378,-147.7164,16.0,85,75,3.44,broken clouds
153,2021-01-08 05:35:48,Altay,CN,47.8667,88.1167,11.12,74,100,1.05,overcast clouds
154,2021-01-08 05:35:49,Mecca,SA,21.4267,39.8261,75.15,55,0,1.99,clear sky
155,2021-01-08 05:35:49,Luderitz,NA,-26.6481,15.1594,67.68,64,0,5.79,clear sky
156,2021-01-08 05:35:50,Adre,TD,13.4667,22.2,66.33,27,35,20.6,scattered clouds
157,2021-01-08 05:35:50,Sao Filipe,CV,14.8961,-24.4956,73.08,80,0,7.16,clear sky
158,2021-01-08 05:35:50,Berezovyy,RU,51.6667,135.7,-13.36,80,4,1.99,clear sky
159,2021-01-08 05:35:51,Oak Ridge,US,36.0104,-84.2696,37.99,93,90,6.91,mist
160,2021-01-08 05:35:51,Mukhen,RU,48.1,136.1,-10.7,81,100,6.49,overcast clouds
161,2021-01-08 05:35:51,Flin Flon,CA,54.7682,-101.865,20.01,95,46,6.93,scattered clouds
162,2021-01-08 05:35:51,Cayenne,GF,4.9333,-52.3333,73.4,100,90,2.3,overcast clouds
163,2021-01-08 05:35:53,Port Blair,IN,11.6667,92.75,84.16,68,0,15.03,clear sky
164,2021-01-08 05:35:53,Alofi,NU,-19.0595,-169.9187,82.4,78,27,8.05,moderate rain
165,2021-01-08 05:35:53,Makokou,GA,0.5738,12.8642,69.85,95,82,2.26,broken clouds
166,2021-01-08 05:35:54,Port Lincoln,AU,-34.7333,135.8667,75.61,49,1,10.31,clear sky
167,2021-01-08 05:35:54,Esperance,AU,-33.8667,121.9,95.0,15,7,5.75,clear sky
168,2021-01-08 05:35:54,Kutum,SD,14.2,24.6667,61.36,31,0,15.32,clear sky
169,2021-01-08 05:35:56,Vila Franca Do Campo,PT,37.7167,-25.4333,53.6,62,20,9.22,few clouds
170,2021-01-08 05:35:56,Meulaboh,ID,4.1363,96.1285,85.98,64,18,6.42,few clouds
171,2021-01-08 05:35:56,Vestmanna,FO,62.1564,-7.1664,30.2,69,90,1.14,overcast clouds
172,2021-01-08 05:35:56,Novi Ligure,IT,44.7608,8.7896,34.0,95,43,1.72,scattered clouds
173,2021-01-08 05:35:57,Mazabuka,ZM,-15.856,27.748,72.14,87,100,5.61,light rain
174,2021-01-08 05:35:57,Dubti,ET,11.7361,41.0853,73.18,55,0,13.8,clear sky
175,2021-01-08 05:35:57,Valle De Allende,MX,26.9333,-105.4,49.12,40,0,5.66,clear sky
176,2021-01-08 05:35:58,Ngara,TZ,-2.5122,30.6558,63.64,92,0,2.24,clear sky
177,2021-01-08 05:35:58,Iracoubo,GF,5.4802,-53.2011,77.31,89,100,11.18,overcast clouds
178,2021-01-08 05:35:58,Linhares,BR,-19.3911,-40.0722,71.1,95,30,2.89,scattered clouds
179,2021-01-08 05:35:59,Korop,UA,51.5664,32.9586,35.83,96,100,15.19,overcast clouds
180,2021-01-08 05:35:59,Victoria,HK,22.2855,114.1577,51.01,48,86,1.99,overcast clouds
181,2021-01-08 05:35:59,Kalghatgi,IN,15.1833,74.9667,78.8,57,0,6.91,clear sky
182,2021-01-08 05:35:59,La Ronge,CA,55.1001,-105.2842,23.0,74,13,4.61,few clouds
183,2021-01-08 05:36:00,Todos Santos,MX,23.45,-110.2167,62.01,87,0,1.99,clear sky
184,2021-01-08 05:36:00,Cidreira,BR,-30.1811,-50.2056,73.65,82,96,6.71,overcast clouds
185,2021-01-08 05:36:00,Myrtle Beach,US,33.6891,-78.8867,46.99,93,90,11.5,light rain
186,2021-01-08 05:35:37,Kahului,US,20.8947,-156.47,75.2,73,20,4.61,few clouds
187,2021-01-08 05:36:01,Ingham,US,42.6,-84.3833,26.6,80,1,3.44,clear sky
188,2021-01-08 05:36:02,Namatanai,PG,-3.6667,152.4333,83.07,77,97,10.2,light rain
189,2021-01-08 05:36:02,Verkhnyaya Inta,RU,65.9811,60.3094,-9.72,91,5,3.49,clear sky
190,2021-01-08 05:36:02,Miracema Do Tocantins,BR,-9.5618,-48.3967,74.89,71,14,1.12,few clouds
191,2021-01-08 05:36:02,Cherskiy,RU,68.75,161.3,-14.64,89,92,2.48,overcast clouds
192,2021-01-08 05:36:03,Zhezkazgan,KZ,47.8043,67.7144,-14.04,85,0,5.01,clear sky
193,2021-01-08 05:31:04,Bellevue,US,47.6104,-122.2007,50.0,87,40,3.44,scattered clouds
194,2021-01-08 05:36:03,Bulgan,MN,48.8125,103.5347,0.68,83,0,3.11,clear sky
195,2021-01-08 05:32:34,Bundaberg,AU,-24.85,152.35,77.0,83,90,18.41,overcast clouds
196,2021-01-08 05:36:04,Los Llanos De Aridane,ES,28.6585,-17.9182,62.6,72,0,2.3,clear sky
197,2021-01-08 05:36:04,Newport,GB,51.5877,-2.9984,35.01,97,84,5.99,broken clouds
198,2021-01-08 05:36:05,Esna,EG,25.2934,32.554,53.6,62,0,3.91,clear sky
199,2021-01-08 05:36:05,Baykit,RU,61.67,96.37,-13.34,82,0,4.52,clear sky
200,2021-01-08 05:36:06,Bartica,GY,6.4,-58.6167,75.2,94,40,2.3,scattered clouds
201,2021-01-08 05:36:06,Zalantun,CN,48.0,122.7167,-1.62,74,13,10.71,few clouds
202,2021-01-08 05:36:06,Taltal,CL,-25.4,-70.4833,62.89,79,16,1.14,few clouds
203,2021-01-08 05:33:09,Alwar,IN,27.5667,76.6,67.23,47,0,4.61,clear sky
204,2021-01-08 05:36:07,Grand Gaube,MU,-20.0064,57.6608,82.99,65,9,11.01,clear sky
205,2021-01-08 05:35:40,Cockburn Town,TC,21.4612,-71.1419,76.87,73,8,11.99,clear sky
206,2021-01-08 05:36:08,Ratnagiri,IN,16.9833,73.3,83.3,63,96,1.68,overcast clouds
207,2021-01-08 05:36:08,Karratha,AU,-20.7377,116.8463,97.93,35,37,16.17,scattered clouds
208,2021-01-08 05:36:08,Acapulco,MX,16.8634,-99.8901,74.41,80,49,4.41,scattered clouds
209,2021-01-08 05:36:09,Teguldet,RU,57.3064,88.1667,-6.59,84,100,5.1,overcast clouds
210,2021-01-08 05:36:09,Kachiry,KZ,53.0675,76.1036,-18.99,87,1,5.79,clear sky
211,2021-01-08 05:36:09,Samarai,PG,-10.6167,150.6667,82.51,75,100,6.44,overcast clouds
212,2021-01-08 05:36:10,Bambous Virieux,MU,-20.3428,57.7575,82.99,65,20,10.36,few clouds
213,2021-01-08 05:36:10,Mehamn,NO,71.0357,27.8492,19.4,68,0,9.22,clear sky
214,2021-01-08 05:36:10,Tutoia,BR,-2.7619,-42.2744,79.86,83,29,12.64,scattered clouds
215,2021-01-08 05:36:11,Dongsheng,CN,39.8161,109.9776,7.36,65,0,25.32,clear sky
216,2021-01-08 05:36:11,Jedrzejow,PL,50.6394,20.3045,33.01,84,19,1.99,few clouds
217,2021-01-08 05:36:12,Nantucket,US,41.2835,-70.0995,35.6,69,1,10.36,clear sky
218,2021-01-08 05:36:12,Cravo Norte,CO,6.3017,-70.2041,74.52,88,100,7.16,light rain
219,2021-01-08 05:36:12,Port Elizabeth,ZA,-33.918,25.5701,71.6,83,20,26.46,few clouds
220,2021-01-08 05:36:13,Ponta Do Sol,PT,32.6667,-17.1,51.01,77,100,10.0,light rain
221,2021-01-08 05:36:13,Chulman,RU,56.8479,124.9104,-8.9,87,100,9.28,overcast clouds
222,2021-01-08 05:36:13,Norfolk,US,42.1668,-71.2495,28.99,64,1,4.61,clear sky
223,2021-01-08 05:35:41,Halifax,CA,44.6453,-63.5724,32.0,80,100,12.66,overcast clouds
224,2021-01-08 05:36:14,Skoghall,SE,59.3232,13.4655,26.6,93,90,10.36,overcast clouds
225,2021-01-08 05:36:14,Kargil,IN,34.5667,76.1,11.39,81,100,1.41,overcast clouds
226,2021-01-08 05:36:14,Waipawa,NZ,-41.4122,175.5153,63.0,82,90,18.41,overcast clouds
227,2021-01-08 05:36:15,Karasburg,NA,-28.0167,18.75,76.44,34,0,4.43,clear sky
228,2021-01-08 05:36:15,Asfi,MA,32.2994,-9.2372,62.74,85,85,28.7,moderate rain
229,2021-01-08 05:33:19,Esmeraldas,BR,-19.7625,-44.3139,69.8,94,75,3.44,fog
230,2021-01-08 05:36:15,Charters Towers,AU,-20.1,146.2667,85.44,68,85,9.64,light rain
231,2021-01-08 05:36:16,Cap Malheureux,MU,-19.9842,57.6142,82.99,65,6,11.01,clear sky
232,2021-01-08 05:36:16,Te Anau,NZ,-45.4167,167.7167,62.87,55,11,6.55,few clouds
233,2021-01-08 05:36:16,Pundaguitan,PH,6.3711,126.1689,81.41,77,100,4.32,overcast clouds
234,2021-01-08 05:36:17,Egvekinot,RU,66.3167,-179.1667,-18.76,91,100,2.66,overcast clouds
235,2021-01-08 05:36:17,Antalaha,MG,-14.9003,50.2788,84.49,57,19,3.36,few clouds
236,2021-01-08 05:36:17,North Bend,US,43.4065,-124.2243,48.2,71,90,4.61,overcast clouds
237,2021-01-08 05:36:17,Deputatskiy,RU,69.3,139.9,-15.41,89,100,4.36,overcast clouds
238,2021-01-08 05:32:15,Valdivia,CL,-39.8142,-73.2459,46.4,93,0,2.3,clear sky
239,2021-01-08 05:36:18,Araouane,ML,18.9048,-3.5265,68.09,24,0,7.36,clear sky
240,2021-01-08 05:31:41,Aswan,EG,24.0934,32.907,66.78,34,0,8.99,clear sky
241,2021-01-08 05:34:42,Iquitos,PE,-3.7481,-73.2472,75.2,94,20,2.3,few clouds
242,2021-01-08 05:36:19,Ancud,CL,-41.8697,-73.8203,46.99,87,90,4.61,overcast clouds
243,2021-01-08 05:36:19,Jerantut,MY,3.936,102.3626,81.43,84,81,3.56,broken clouds
244,2021-01-08 05:36:19,Havelock,US,34.8791,-76.9013,43.0,75,20,8.05,few clouds
245,2021-01-08 05:36:20,Angoche,MZ,-16.2325,39.9086,85.5,65,67,6.64,broken clouds
246,2021-01-08 05:36:20,Carbonear,CA,47.7332,-53.2148,43.0,100,90,10.36,light rain
247,2021-01-08 05:36:20,Akyab,MM,20.15,92.9,82.11,47,2,3.51,clear sky
248,2021-01-08 05:36:20,Tura,IN,25.5198,90.2201,79.02,38,19,4.54,few clouds
249,2021-01-08 05:36:21,Ulladulla,AU,-35.35,150.4667,69.8,60,90,13.8,overcast clouds
250,2021-01-08 05:36:21,Provideniya,RU,64.3833,-173.3,-7.96,82,4,4.43,clear sky
251,2021-01-08 05:36:22,Harsin,IR,34.2721,47.5861,23.0,63,0,3.22,clear sky
252,2021-01-08 05:36:22,Mindszent,HU,46.5236,20.1904,32.0,96,100,6.38,overcast clouds
253,2021-01-08 05:36:22,Jizan,SA,17.3333,42.6667,75.2,78,20,6.91,few clouds
254,2021-01-08 05:36:23,Poum,NC,-20.2333,164.0167,83.57,75,58,7.47,broken clouds
255,2021-01-08 05:36:23,Warri,NG,5.5167,5.75,76.84,92,100,2.26,overcast clouds
256,2021-01-08 05:36:23,Djibo,BF,14.1022,-1.6306,70.92,19,2,9.89,clear sky
257,2021-01-08 05:36:23,Isangel,VU,-19.55,169.2667,82.4,83,90,3.44,overcast clouds
258,2021-01-08 05:36:24,Khatanga,RU,71.9667,102.5,-1.25,93,100,10.36,light snow
259,2021-01-08 05:36:24,Quatre Cocos,MU,-20.2078,57.7625,82.99,65,20,10.36,few clouds
260,2021-01-08 05:36:24,Nizwa,OM,22.9333,57.5333,60.84,32,0,5.66,clear sky
261,2021-01-08 05:36:24,Kondinskoye,RU,59.6481,67.41,0.21,92,100,11.18,light snow
262,2021-01-08 05:36:25,Chumikan,RU,54.7183,135.315,-16.83,80,99,17.2,overcast clouds
263,2021-01-08 05:36:25,Gouyave,GD,12.1646,-61.7296,78.8,83,20,11.5,few clouds
264,2021-01-08 05:36:26,Carberry,CA,49.8689,-99.3602,28.4,93,90,4.61,light snow
265,2021-01-08 05:36:26,Candido Mendes,BR,-1.4467,-45.7167,77.49,88,27,2.93,scattered clouds
266,2021-01-08 05:36:26,Sola,VU,-13.8833,167.55,84.18,74,100,8.55,overcast clouds
267,2021-01-08 05:36:26,Pirgos,GR,35.1167,25.7178,55.99,84,53,9.37,broken clouds
268,2021-01-08 05:36:27,Kyaikkami,MM,16.08,97.5675,86.27,58,42,1.32,scattered clouds
269,2021-01-08 05:36:27,West Wendover,US,40.7391,-114.0733,21.2,79,1,3.4,clear sky
270,2021-01-08 05:36:27,Iqaluit,CA,63.7506,-68.5145,-22.0,63,1,2.3,clear sky
271,2021-01-08 05:36:28,Alice Springs,AU,-23.7,133.8833,89.6,12,0,18.41,clear sky
272,2021-01-08 05:36:28,Marfino,RU,55.7028,37.3822,25.0,93,75,11.18,light snow
273,2021-01-08 05:36:28,Hampton,US,37.0299,-76.3452,39.99,93,1,5.93,clear sky
274,2021-01-08 05:36:29,Portree,GB,57.4129,-6.1942,33.01,82,65,5.99,broken clouds
275,2021-01-08 05:36:29,Labuhan,ID,-6.8844,112.2051,79.92,79,95,4.25,overcast clouds
276,2021-01-08 05:32:42,Dunedin,NZ,-45.8742,170.5036,57.99,75,40,3.0,scattered clouds
277,2021-01-08 05:36:30,Sitka,US,57.0531,-135.33,44.6,65,90,16.11,moderate rain
278,2021-01-08 05:36:30,Udachnyy,RU,66.4167,112.4,-4.58,89,100,13.58,overcast clouds
279,2021-01-08 05:32:03,Quelimane,MZ,-17.8786,36.8883,84.2,84,20,8.05,few clouds
280,2021-01-08 05:36:30,Mahishadal,IN,22.1833,87.9833,87.21,30,48,8.72,scattered clouds
281,2021-01-08 05:36:31,Kapit,MY,2.0167,112.9333,91.36,54,100,0.83,overcast clouds
282,2021-01-08 05:36:31,Torbay,CA,47.6666,-52.7314,42.01,100,90,10.36,light intensity drizzle
283,2021-01-08 05:36:31,Bay Roberts,CA,47.5999,-53.2648,43.0,100,90,10.36,light rain
284,2021-01-08 05:36:32,Tuatapere,NZ,-46.1333,167.6833,61.0,63,64,13.0,broken clouds
285,2021-01-08 05:36:32,Yunyang,CN,33.4474,112.7142,37.0,42,0,7.16,clear sky
286,2021-01-08 05:36:32,Luorong,CN,24.4058,109.6086,45.23,46,82,16.15,broken clouds
287,2021-01-08 05:36:32,Ugoofaaru,MV,5.6667,73.0,81.97,70,31,1.81,scattered clouds
288,2021-01-08 05:36:33,Samana,DO,19.2056,-69.3369,72.3,87,9,3.8,clear sky
289,2021-01-08 05:36:34,Mackay,AU,-21.15,149.2,80.6,89,90,16.11,overcast clouds
290,2021-01-08 05:36:34,San Cristobal,VE,7.7669,-72.225,64.58,82,60,1.34,light rain
291,2021-01-08 05:36:35,Gravdal,NO,68.1214,13.5031,32.0,64,75,11.5,broken clouds
292,2021-01-08 05:35:45,Clayton,US,33.5335,-84.3666,39.99,93,90,14.97,mist
293,2021-01-08 05:36:36,Mahendragarh,IN,28.2833,76.15,65.95,48,0,3.42,clear sky
294,2021-01-08 05:36:36,Emba,KZ,48.8264,58.1442,5.81,92,84,8.46,broken clouds
295,2021-01-08 05:36:37,Tete,MZ,-16.1564,33.5867,80.6,89,75,7.18,broken clouds
296,2021-01-08 05:32:32,Roma,US,43.2128,-75.4557,24.01,74,90,4.61,overcast clouds
297,2021-01-08 05:36:37,Neiafu,TO,-18.65,-173.9833,78.8,89,75,10.36,broken clouds
298,2021-01-08 05:36:37,Curuguaty,PY,-24.4694,-55.6945,67.98,98,46,1.41,scattered clouds
299,2021-01-08 05:36:30,Takaka,NZ,-40.85,172.8,64.99,83,69,3.0,broken clouds
300,2021-01-08 05:36:38,Arman,RU,59.7,150.1667,-4.97,81,46,5.48,scattered clouds
301,2021-01-08 05:36:38,Petropavlovsk-Kamchatskiy,RU,53.0452,158.6483,6.8,56,17,6.71,few clouds
302,2021-01-08 05:36:38,Mahebourg,MU,-20.4081,57.7,82.4,65,20,10.36,few clouds
303,2021-01-08 05:36:39,Ligayan,PH,4.6533,119.4706,82.33,73,70,7.07,broken clouds
304,2021-01-08 05:36:39,Lagos,NG,6.5833,3.75,78.8,94,20,3.58,light rain
305,2021-01-08 05:36:39,Beni Suef,EG,29.0731,31.0979,61.0,39,2,4.36,clear sky
306,2021-01-08 05:36:39,Urmston,GB,53.4485,-2.3542,36.0,100,90,5.75,moderate rain
307,2021-01-08 05:36:40,Swift Current,CA,50.2834,-107.8014,21.2,79,1,9.22,clear sky
308,2021-01-08 05:36:40,Codrington,AU,-38.2667,141.9667,66.2,71,0,16.22,clear sky
309,2021-01-08 05:36:40,Providencia,MX,28.7167,-111.5833,59.0,64,0,3.0,clear sky
310,2021-01-08 05:36:40,Morondava,MG,-20.2833,44.2833,84.61,67,43,2.82,scattered clouds
311,2021-01-08 05:36:41,Ternate,ID,0.8,127.4,84.06,72,100,5.41,light rain
312,2021-01-08 05:36:41,Nishihara,JP,26.1842,127.7558,53.6,71,75,23.02,broken clouds
313,2021-01-08 05:36:41,Kavaratti,IN,10.5669,72.642,82.4,69,34,3.06,scattered clouds
314,2021-01-08 05:33:45,Newcastle,AU,-32.9272,151.7765,73.4,49,38,19.57,scattered clouds
315,2021-01-08 05:36:42,Kobryn,BY,52.2138,24.3564,32.0,93,90,6.71,mist
316,2021-01-08 05:36:42,Belmonte,BR,-15.8631,-38.8828,75.2,83,40,3.44,scattered clouds
317,2021-01-08 05:36:42,Khani,GE,41.9563,42.9566,42.8,42,0,6.91,clear sky
318,2021-01-08 05:36:43,Inhambane,MZ,-23.865,35.3833,80.6,83,40,9.22,scattered clouds
319,2021-01-08 05:36:43,Anahuac,MX,27.2333,-100.15,54.88,38,0,6.64,clear sky
320,2021-01-08 05:36:44,Monteagudo,BO,-19.8167,-63.9833,65.62,92,100,1.36,moderate rain
321,2021-01-08 05:33:38,Saint Marys,US,30.7305,-81.5465,57.99,89,90,9.22,overcast clouds
322,2021-01-08 05:36:44,Richards Bay,ZA,-28.783,32.0377,78.17,66,13,8.99,few clouds
323,2021-01-08 05:36:44,Pisco,PE,-13.7,-76.2167,70.0,83,55,2.3,broken clouds
324,2021-01-08 05:36:45,Namibe,AO,-15.1961,12.1522,71.06,78,99,4.5,overcast clouds
325,2021-01-08 05:31:58,Maldonado,UY,-34.6667,-54.9167,69.01,73,0,4.07,clear sky
326,2021-01-08 05:32:58,Acarau,BR,-2.8856,-40.12,81.16,75,53,16.37,broken clouds
327,2021-01-08 05:36:45,Basco,PH,20.4487,121.9702,68.49,84,89,32.77,overcast clouds
328,2021-01-08 05:36:46,Christiana,ZA,-27.914,25.1611,77.81,56,0,11.39,clear sky
329,2021-01-08 05:36:46,Klaksvik,FO,62.2266,-6.589,30.2,69,90,1.14,overcast clouds
330,2021-01-08 05:36:46,Tokur,RU,53.1333,132.9,-26.28,86,97,1.68,overcast clouds
331,2021-01-08 05:36:46,Killam,CA,52.7834,-111.8518,6.8,92,20,3.44,few clouds
332,2021-01-08 05:36:47,Coquimbo,CL,-29.9533,-71.3436,57.2,94,20,3.44,few clouds
333,2021-01-08 05:36:47,Constitucion,CL,-35.3333,-72.4167,57.63,63,4,5.97,clear sky
334,2021-01-08 05:35:33,Salinopolis,BR,-0.6136,-47.3561,79.65,83,77,9.31,broken clouds
335,2021-01-08 05:36:48,Susanino,RU,58.1461,41.5872,9.39,96,99,4.34,light snow
336,2021-01-08 05:36:48,General Pico,AR,-35.6566,-63.7568,64.31,56,50,9.57,scattered clouds
337,2021-01-08 05:36:48,Kodiak,US,57.79,-152.4072,37.4,93,90,8.05,light rain
338,2021-01-08 05:36:48,Makakilo City,US,21.3469,-158.0858,77.0,73,20,1.83,few clouds
339,2021-01-08 05:36:49,Mola Di Bari,IT,41.0609,17.0873,48.99,96,94,6.71,overcast clouds
340,2021-01-08 05:36:49,Vanavara,RU,60.34,102.2797,1.89,91,80,9.46,broken clouds
341,2021-01-08 05:36:49,Camacha,PT,33.0833,-16.3333,55.4,67,40,20.71,light rain
342,2021-01-08 05:36:50,Marsberg,DE,51.4617,8.8495,32.0,96,99,3.74,light snow
343,2021-01-08 05:36:50,San Quintin,MX,30.4833,-115.95,59.81,63,70,2.82,broken clouds
344,2021-01-08 05:36:50,Asau,RO,46.4333,26.4,35.01,61,100,0.94,light snow
345,2021-01-08 05:36:50,Ganzhou,CN,28.8184,115.4327,40.14,51,0,8.14,clear sky
346,2021-01-08 05:36:51,North Mankato,US,44.1733,-94.0339,28.0,93,90,3.44,mist
347,2021-01-08 05:36:51,Kushmurun,KZ,52.4503,64.6311,-10.32,84,94,10.09,overcast clouds
348,2021-01-08 05:36:52,Northam,GB,51.0333,-4.2167,37.99,92,94,8.01,overcast clouds
349,2021-01-08 05:36:52,Turinskaya Sloboda,RU,57.6232,64.3858,1.8,92,100,8.59,overcast clouds
350,2021-01-08 05:36:52,Lata,PT,40.1629,-8.3327,39.0,75,84,3.44,broken clouds
351,2021-01-08 05:36:52,Yumen,CN,40.2833,97.2,12.51,62,34,18.34,scattered clouds
352,2021-01-08 05:36:53,Bakchar,RU,57.0186,82.0711,-4.36,89,100,4.27,overcast clouds
353,2021-01-08 05:36:53,Jiangyou,CN,31.7667,104.7167,44.08,49,8,4.21,clear sky
354,2021-01-08 05:36:54,Ust-Maya,RU,60.4167,134.5333,-31.58,83,100,3.44,overcast clouds
355,2021-01-08 05:36:54,Hualmay,PE,-11.0964,-77.6139,69.57,86,27,8.79,scattered clouds
356,2021-01-08 05:36:54,Kanye,BW,-24.9667,25.3327,66.97,85,100,14.18,overcast clouds
357,2021-01-08 05:36:54,Beloha,MG,-25.1667,45.05,85.55,55,52,4.79,broken clouds
358,2021-01-08 05:36:55,Shingu,JP,33.7333,135.9833,37.4,38,75,18.41,broken clouds
359,2021-01-08 05:36:55,Mizdah,LY,31.4451,12.9801,55.45,39,64,6.98,broken clouds
360,2021-01-08 05:36:56,Ahuimanu,US,21.4447,-157.8378,77.0,73,75,3.44,broken clouds
361,2021-01-08 05:36:56,Vestmannaeyjar,IS,63.4427,-20.2734,43.84,87,100,29.71,overcast clouds
362,2021-01-08 05:36:57,Owando,CG,-0.4819,15.8999,70.93,94,100,3.8,overcast clouds
363,2021-01-08 05:33:47,Morgan City,US,29.6994,-91.2068,46.4,76,90,10.36,overcast clouds
364,2021-01-08 05:36:57,Aklavik,CA,68.2191,-135.0107,14.0,85,0,4.61,clear sky
365,2021-01-08 05:36:57,Biltine,TD,14.5333,20.9167,68.77,24,0,13.49,clear sky
366,2021-01-08 05:36:58,Kuching,MY,1.55,110.3333,86.0,74,75,3.44,broken clouds
367,2021-01-08 05:32:34,Burnie,AU,-41.0667,145.9167,72.0,60,2,14.0,clear sky
368,2021-01-08 05:35:45,Lakewood,US,39.7047,-105.0814,32.0,68,27,3.0,scattered clouds
369,2021-01-08 05:36:58,Arriaga,MX,16.2333,-93.9,74.82,65,29,9.82,scattered clouds
370,2021-01-08 05:36:59,Sirjan,IR,29.452,55.6814,37.63,52,9,6.2,clear sky
371,2021-01-08 05:36:59,Maragogi,BR,-9.0122,-35.2225,76.33,83,24,6.91,few clouds
372,2021-01-08 05:36:59,Soddy-Daisy,US,35.2359,-85.1908,37.0,95,100,3.0,snow
373,2021-01-08 05:36:59,Sisimiut,GL,66.9395,-53.6735,-0.08,83,0,11.21,clear sky
374,2021-01-08 05:32:00,Byron Bay,AU,-28.65,153.6167,69.8,88,75,10.36,light rain
375,2021-01-08 05:37:00,Port Moresby,PG,-9.4431,147.1797,89.6,62,40,16.11,light rain
376,2021-01-08 05:37:01,Mascota,MX,20.5167,-104.7833,69.01,93,97,1.99,overcast clouds
377,2021-01-08 05:32:40,Qinhuangdao,CN,39.9317,119.5883,15.35,55,0,5.95,clear sky
378,2021-01-08 05:37:01,Souillac,MU,-20.5167,57.5167,82.4,65,20,10.36,few clouds
379,2021-01-08 05:37:02,Teluk Nibung,ID,3.001,99.8164,83.39,78,49,3.62,scattered clouds
380,2021-01-08 05:37:02,San Policarpo,PH,12.1791,125.5072,78.71,88,100,11.86,overcast clouds
381,2021-01-08 05:37:02,Guerrero Negro,MX,27.9769,-114.0611,56.01,72,0,2.77,clear sky
382,2021-01-08 05:37:03,Aurillac,FR,44.9167,2.45,26.01,90,0,3.29,clear sky
383,2021-01-08 05:37:03,Shubarshi,KZ,48.5872,57.1869,9.19,95,89,16.91,overcast clouds
384,2021-01-08 05:37:03,Faanui,PF,-16.4833,-151.75,81.5,70,40,9.84,scattered clouds
385,2021-01-08 05:37:03,Kaeo,NZ,-35.1,173.7833,71.17,63,45,10.2,scattered clouds
386,2021-01-08 05:37:04,Baherden,TM,38.4362,57.4316,37.17,70,59,13.58,broken clouds
387,2021-01-08 05:37:04,Yar-Sale,RU,66.8333,70.8333,-11.74,88,100,13.18,overcast clouds
388,2021-01-08 05:37:05,Kalmunai,LK,7.4167,81.8167,83.08,75,97,4.83,light rain
389,2021-01-08 05:37:05,Rancho Palos Verdes,US,33.7445,-118.387,57.0,82,1,5.17,clear sky
390,2021-01-08 05:33:49,Varna,BG,43.2167,27.9167,41.0,100,90,4.61,light rain
391,2021-01-08 05:37:06,Talnakh,RU,69.4865,88.3972,-12.75,88,100,14.07,light snow
392,2021-01-08 05:37:06,Dormidontovka,RU,47.7702,134.9076,-12.62,83,93,10.27,overcast clouds
393,2021-01-08 05:37:06,Airai,TL,-8.9266,125.4092,68.79,98,91,2.26,overcast clouds
394,2021-01-08 05:37:07,Adrar,MR,20.5022,-10.0711,66.31,36,0,4.07,clear sky
395,2021-01-08 05:35:19,Key West,US,24.5557,-81.7826,71.6,88,20,10.36,few clouds
396,2021-01-08 05:37:07,Belaya Gora,RU,68.5333,146.4167,-13.52,89,100,1.28,overcast clouds
397,2021-01-08 05:37:07,Hervey Bay,AU,-25.2986,152.8535,73.0,91,100,7.0,light rain
398,2021-01-08 05:37:08,Sambava,MG,-14.2667,50.1667,83.12,66,22,6.58,few clouds
399,2021-01-08 05:37:08,Esmeralda,CU,21.8525,-78.1169,68.0,94,1,5.75,clear sky
400,2021-01-08 05:37:08,Soe,ID,-9.8607,124.284,77.52,81,77,4.7,light rain
401,2021-01-08 05:37:09,Dibrugarh,IN,27.4833,94.9,71.6,64,1,3.44,haze
402,2021-01-08 05:36:43,San Ramon,US,37.7799,-121.978,51.8,87,1,4.61,clear sky
403,2021-01-08 05:37:09,Punta Cardon,VE,11.6581,-70.215,78.24,83,73,19.33,broken clouds
404,2021-01-08 05:37:09,Chunoyar,RU,57.4467,97.3217,-6.74,83,0,3.83,clear sky
405,2021-01-08 05:37:09,Lebowakgomo,ZA,-24.2,29.5,64.4,94,75,10.36,broken clouds
406,2021-01-08 05:34:26,Mendoza,AR,-32.8908,-68.8272,73.4,43,75,11.5,broken clouds
407,2021-01-08 05:37:10,Tonj,SS,7.2737,28.6822,75.81,29,22,5.41,few clouds
408,2021-01-08 05:37:11,Tuban,ID,-6.8976,112.0649,79.99,80,98,4.27,overcast clouds
409,2021-01-08 05:37:11,Vardo,NO,70.3705,31.1107,19.4,86,20,18.41,few clouds
410,2021-01-08 05:37:11,Comodoro Rivadavia,AR,-45.8667,-67.5,62.6,42,0,16.11,clear sky
411,2021-01-08 05:37:11,Fukue,JP,32.6881,128.8419,32.0,80,75,13.8,light snow
412,2021-01-08 05:37:11,Ixtapa,MX,20.7,-105.2,69.01,93,97,1.99,overcast clouds
413,2021-01-08 05:37:12,Ostrovnoy,RU,68.0531,39.5131,8.28,93,5,7.16,clear sky
414,2021-01-08 05:37:12,Itanhem,BR,-17.1664,-40.33,68.58,81,67,3.76,light rain
415,2021-01-08 05:37:12,Puerto Quijarro,BO,-17.7833,-57.7667,76.42,72,71,0.58,broken clouds
416,2021-01-08 05:37:13,Brae,GB,60.3964,-1.353,37.4,75,75,18.41,broken clouds
417,2021-01-08 05:37:13,Buluang,PH,13.3068,123.3425,77.32,88,100,9.48,overcast clouds
418,2021-01-08 05:37:13,Cimarron Hills,US,38.8586,-104.6989,28.99,68,20,6.76,light snow
419,2021-01-08 05:37:13,Leningradskiy,RU,69.3833,178.4167,-15.65,84,73,5.73,broken clouds
420,2021-01-08 05:37:14,Port Hedland,AU,-20.3167,118.5667,96.8,44,40,9.22,scattered clouds
421,2021-01-08 05:37:14,Muisne,EC,0.6,-80.0333,76.06,82,85,7.85,overcast clouds
422,2021-01-08 05:37:15,Pemberton,CA,50.3164,-122.8027,37.4,93,82,3.44,broken clouds
423,2021-01-08 05:37:15,Zhigansk,RU,66.7697,123.3711,-33.36,83,100,12.44,light snow
424,2021-01-08 05:37:15,Kajaani,FI,64.2273,27.7285,17.6,86,90,6.91,light snow
425,2021-01-08 05:37:15,Aranos,NA,-24.1333,19.1167,79.36,46,36,12.01,scattered clouds
426,2021-01-08 05:37:16,College,US,64.8569,-147.8028,16.0,78,75,4.61,broken clouds
427,2021-01-08 05:37:16,Koson,UZ,39.0375,65.585,21.2,79,0,4.61,mist
428,2021-01-08 05:37:16,Camargo,MX,27.6667,-105.1667,49.71,44,25,2.04,scattered clouds
429,2021-01-08 05:37:16,Keti Bandar,PK,24.1447,67.4497,69.55,24,0,14.41,clear sky
430,2021-01-08 05:37:17,Ahipara,NZ,-35.1667,173.1667,68.4,77,18,8.88,few clouds
431,2021-01-08 05:37:17,Lompoc,US,34.6391,-120.4579,54.0,93,1,3.44,clear sky
432,2021-01-08 05:37:17,Praia Da Vitoria,PT,38.7333,-27.0667,53.6,76,40,15.35,scattered clouds
433,2021-01-08 05:37:17,Husavik,IS,66.0449,-17.3389,39.2,75,90,32.21,light intensity drizzle
434,2021-01-08 05:37:17,Camana,PE,-16.6228,-72.7111,70.75,79,56,7.14,broken clouds
435,2021-01-08 05:37:18,Son La,VN,21.3167,103.9,46.69,67,100,4.7,overcast clouds
436,2021-01-08 05:37:18,Finschhafen,PG,-6.6024,147.8681,86.04,65,100,6.22,overcast clouds
437,2021-01-08 05:37:18,Port Macquarie,AU,-31.4333,152.9167,66.99,100,75,6.91,broken clouds
438,2021-01-08 05:37:19,Petatlan,MX,17.5167,-101.2667,71.1,80,13,3.27,few clouds
439,2021-01-08 05:37:19,Sinop,TR,41.7711,34.8709,48.2,71,0,2.3,light rain
440,2021-01-08 05:37:19,Buala,SB,-8.145,159.5921,79.43,84,100,9.15,moderate rain
441,2021-01-08 05:37:19,Eyl,SO,7.9803,49.8164,77.09,56,9,22.03,clear sky
442,2021-01-08 05:37:20,Henties Bay,NA,-22.116,14.2845,68.0,89,100,3.38,overcast clouds
443,2021-01-08 05:34:19,Palmer,US,42.1584,-72.3287,27.0,68,1,4.61,clear sky
444,2021-01-08 05:37:20,Gannan,CN,47.9147,123.5031,-1.34,75,39,5.41,scattered clouds
445,2021-01-08 05:37:21,Russell,US,32.3502,-85.1999,44.6,87,90,2.15,light intensity drizzle
446,2021-01-08 05:37:21,Mitsamiouli,KM,-11.3847,43.2844,82.17,78,3,12.8,light rain
447,2021-01-08 05:37:21,Atikokan,CA,48.7555,-91.6216,16.34,97,47,3.18,scattered clouds
448,2021-01-08 05:37:22,Pokrovsk,UA,48.282,37.1758,37.33,80,86,13.44,overcast clouds
449,2021-01-08 05:37:22,Lasa,IT,46.6166,10.7002,24.01,79,0,6.91,clear sky
450,2021-01-08 05:37:22,Guozhen,CN,34.3659,107.359,33.17,48,0,3.42,clear sky
451,2021-01-08 05:37:23,Preston,GB,53.7667,-2.7167,36.0,89,98,1.01,snow
452,2021-01-08 05:37:23,Angra Dos Reis,BR,-23.0067,-44.3181,82.4,78,75,10.36,broken clouds
453,2021-01-08 05:37:23,Colares,PT,38.7992,-9.4469,46.0,67,100,15.28,overcast clouds
454,2021-01-08 05:36:39,Lebanon,US,36.2081,-86.2911,39.2,60,90,8.05,overcast clouds
455,2021-01-08 05:37:24,Brandon,US,27.9378,-82.2859,64.99,100,90,6.91,overcast clouds
456,2021-01-08 05:37:24,Maroantsetra,MG,-15.4333,49.7333,80.96,72,16,0.6,few clouds
457,2021-01-08 05:37:24,Aguachica,CO,8.3084,-73.6166,73.06,84,62,5.46,light rain
458,2021-01-08 05:37:24,Jaque,PA,7.5175,-78.1703,76.06,80,71,3.76,broken clouds
459,2021-01-08 05:37:24,Hirara,JP,24.8,125.2833,53.6,87,75,13.8,broken clouds
460,2021-01-08 05:37:25,Prieska,ZA,-29.6641,22.7474,80.71,31,14,4.16,few clouds
461,2021-01-08 05:37:25,Bani Walid,LY,31.7566,13.9942,62.82,35,57,14.23,broken clouds
462,2021-01-08 05:37:25,Noumea,NC,-22.2763,166.4572,87.8,66,75,6.91,broken clouds
463,2021-01-08 05:37:26,Coolum Beach,AU,-26.5333,153.1,71.01,98,100,3.0,light rain
464,2021-01-08 05:37:26,Boende,CD,-0.2167,20.8667,72.25,94,100,4.36,overcast clouds
465,2021-01-08 05:37:26,Vidalia,US,32.2177,-82.4135,46.4,93,90,0.34,overcast clouds
466,2021-01-08 05:37:26,Raga,SS,8.4596,25.678,69.03,24,0,5.73,clear sky
467,2021-01-08 05:37:26,Kostomuksha,RU,64.571,30.5767,1.06,94,98,3.22,overcast clouds
468,2021-01-08 05:37:27,Mikhaylovka,RU,50.06,43.2379,35.35,96,100,19.84,light rain
469,2021-01-08 05:37:27,Douentza,ML,14.9951,-2.9517,63.99,25,0,2.24,clear sky
470,2021-01-08 05:37:27,Haines Junction,CA,60.7522,-137.5108,16.59,93,100,2.75,light snow
471,2021-01-08 05:37:28,Rangapara,IN,26.8167,92.65,77.56,40,1,5.82,clear sky
472,2021-01-08 05:37:28,Kununurra,AU,-15.7667,128.7333,98.6,36,6,10.36,clear sky
473,2021-01-08 05:37:28,Sibiti,CG,-3.6819,13.3499,66.7,92,100,2.28,overcast clouds
474,2021-01-08 05:36:54,Nuuk,GL,64.1835,-51.7216,17.6,79,20,23.02,light snow
475,2021-01-08 05:37:29,Touros,BR,-5.1989,-35.4608,77.0,83,40,3.44,scattered clouds
476,2021-01-08 05:37:29,Isla Vista,US,34.4133,-119.861,60.01,76,1,4.14,clear sky
477,2021-01-08 05:37:29,Mangrol,IN,21.1167,70.1167,74.55,38,0,14.05,clear sky
478,2021-01-08 05:36:17,Leh,IN,34.1667,77.5833,16.16,79,96,3.65,overcast clouds
479,2021-01-08 05:37:30,Kushnarenkovo,RU,55.105,55.3508,15.8,62,90,11.18,light snow
480,2021-01-08 05:37:30,Harbour Breton,CA,47.4833,-55.7983,42.01,94,100,13.44,overcast clouds
481,2021-01-08 05:37:30,La Paz,BO,-16.5,-68.15,41.0,93,75,2.3,fog
482,2021-01-08 05:37:31,Shimoda,JP,34.6667,138.95,41.0,42,75,14.97,broken clouds
483,2021-01-08 05:37:31,Paamiut,GL,61.994,-49.6678,26.08,90,100,14.05,overcast clouds
484,2021-01-08 05:37:31,Hvide Sande,DK,56.0045,8.1294,34.0,81,100,13.8,overcast clouds
485,2021-01-08 05:37:15,Half Moon Bay,US,37.4636,-122.4286,51.8,81,1,3.69,clear sky
486,2021-01-08 05:37:32,Dodge City,US,37.7528,-100.0171,34.0,86,90,5.75,overcast clouds
487,2021-01-08 05:37:32,Marquard,ZA,-28.6645,27.4305,69.03,62,0,8.32,clear sky
488,2021-01-08 05:37:32,Phan Thiet,VN,10.9333,108.1,83.64,61,40,16.02,scattered clouds
489,2021-01-08 05:37:33,Ullapool,GB,57.8987,-5.1604,30.0,33,60,5.01,broken clouds
490,2021-01-08 05:37:33,Sainte-Thecle,CA,46.8168,-72.4991,23.0,74,5,10.36,clear sky
491,2021-01-08 05:37:33,Uthal,PK,25.8072,66.6219,64.54,19,0,12.41,clear sky
492,2021-01-08 05:37:34,Cairns,AU,-16.9167,145.7667,88.0,79,90,4.61,overcast clouds
493,2021-01-08 05:37:34,Cabedelo,BR,-6.9811,-34.8339,77.0,88,20,3.44,few clouds
494,2021-01-08 05:37:34,Calama,CL,-22.4667,-68.9333,48.2,53,0,5.75,clear sky
495,2021-01-08 05:37:35,Aktash,RU,50.3,87.7333,-2.65,78,66,3.53,broken clouds
496,2021-01-08 05:37:35,Pierre,US,44.3683,-100.351,34.0,86,90,8.05,mist
497,2021-01-08 05:37:35,Muros,ES,42.7762,-9.0603,36.0,87,2,15.9,clear sky
498,2021-01-08 05:37:36,Bilibino,RU,68.0546,166.4372,-13.14,86,99,1.32,overcast clouds
499,2021-01-08 05:37:36,Linjiang,CN,41.8069,126.9078,-4.94,69,100,5.55,overcast clouds
500,2021-01-08 05:37:37,San Carlos De Bariloche,AR,-41.1456,-71.3082,50.0,66,0,12.66,clear sky
501,2021-01-08 05:37:38,Malampaka,TZ,-3.1333,33.5333,71.4,81,8,7.14,light rain
502,2021-01-08 05:37:38,Padang,ID,-0.9492,100.3543,87.39,61,91,6.08,overcast clouds
503,2021-01-08 05:37:38,Muzhi,RU,65.3667,64.6667,-19.41,86,23,5.12,few clouds
504,2021-01-08 05:37:38,Nosy Varika,MG,-20.5833,48.5333,82.42,70,43,6.13,light rain
505,2021-01-08 05:37:39,Salym,RU,60.0625,71.4789,-4.63,90,100,8.14,overcast clouds
506,2021-01-08 05:37:39,Ferme-Neuve,CA,46.7001,-75.4493,14.0,85,0,6.91,clear sky
507,2021-01-08 05:37:39,Witu,KE,-2.3889,40.4382,80.6,74,20,5.75,haze
508,2021-01-08 05:37:40,Vila Velha,BR,-20.3297,-40.2925,77.0,83,0,11.5,clear sky
509,2021-01-08 05:37:40,Saldanha,ZA,-33.0117,17.9442,62.6,82,0,5.75,clear sky
510,2021-01-08 05:37:41,Rockport,US,28.0206,-97.0544,55.0,66,1,10.36,clear sky
511,2021-01-08 05:37:41,Yerbogachen,RU,61.2767,108.0108,-1.66,90,100,10.83,overcast clouds
512,2021-01-08 05:37:41,Utica,US,43.1009,-75.2327,23.0,85,63,1.01,broken clouds
513,2021-01-08 05:37:42,Chipurupalle,IN,18.3,83.5667,85.41,32,34,4.16,scattered clouds
514,2021-01-08 05:37:42,Eyrarbakki,IS,63.863,-21.1481,41.0,93,90,23.02,mist
515,2021-01-08 05:37:42,Dzaoudzi,YT,-12.7887,45.2699,84.2,79,0,3.44,clear sky
516,2021-01-08 05:37:42,Krasnoarmeysk,RU,51.0239,45.6969,30.0,95,100,1.99,overcast clouds
517,2021-01-08 05:37:43,Santa Cruz Del Sur,CU,20.7147,-77.9956,70.05,86,10,9.19,heavy intensity rain
518,2021-01-08 05:34:47,Naze,JP,28.3667,129.4833,53.6,62,75,18.41,broken clouds
519,2021-01-08 05:37:43,La Libertad,EC,-2.2333,-80.9,73.4,83,81,10.56,broken clouds
520,2021-01-08 05:32:47,Riyadh,SA,24.6877,46.7219,53.6,76,75,8.05,moderate rain
521,2021-01-08 05:37:44,Denpasar,ID,-8.65,115.2167,80.6,89,40,10.36,scattered clouds
522,2021-01-08 05:34:24,Pavlohrad,UA,48.5167,35.8667,35.6,87,40,11.18,scattered clouds
523,2021-01-08 05:37:44,Harwich,GB,51.9419,1.2844,30.0,85,98,8.01,overcast clouds
524,2021-01-08 05:37:44,Port-Cartier,CA,50.0334,-66.8654,21.2,68,93,12.66,overcast clouds
525,2021-01-08 05:37:45,Olafsvik,IS,64.8945,-23.7142,41.47,91,100,22.1,light rain
526,2021-01-08 05:37:45,Priiskovyy,RU,51.9333,116.6333,-5.62,84,12,3.27,few clouds
527,2021-01-08 05:37:45,Taganak,PH,6.0833,118.3,86.0,70,40,5.75,scattered clouds
528,2021-01-08 05:37:46,Cabo San Lucas,MX,22.8909,-109.9124,63.0,59,1,8.05,clear sky
529,2021-01-08 05:37:46,Okhotsk,RU,59.3833,143.3,-19.61,81,50,11.72,scattered clouds
530,2021-01-08 05:37:46,Nara,JP,34.6851,135.8049,37.0,38,40,18.41,scattered clouds
531,2021-01-08 05:37:46,Port-Gentil,GA,-0.7193,8.7815,75.2,94,90,10.36,light rain
532,2021-01-08 05:37:47,Aktau,KZ,43.65,51.2,24.8,63,90,20.13,overcast clouds
533,2021-01-08 05:37:47,Cap-Aux-Meules,CA,47.3821,-61.8597,33.8,86,100,33.38,light snow
534,2021-01-08 05:35:36,Margate,GB,51.3813,1.3862,35.01,85,87,10.58,overcast clouds
535,2021-01-08 05:37:47,Sao Geraldo Do Araguaia,BR,-6.4006,-48.555,73.0,91,43,2.33,light rain
536,2021-01-08 05:37:48,Abu Samrah,SY,35.3029,37.1841,52.07,57,77,2.33,broken clouds
537,2021-01-08 05:37:48,Black Diamond,US,47.3087,-122.0032,45.0,100,57,7.67,broken clouds
538,2021-01-08 05:37:00,Bozeman,US,45.6796,-111.0386,32.0,100,90,1.74,light snow
539,2021-01-08 05:37:48,Bandarbeyla,SO,9.4942,50.8122,75.4,61,5,23.53,clear sky
540,2021-01-08 05:37:49,Chipinge,ZW,-20.1883,32.6236,66.69,100,100,2.68,moderate rain
541,2021-01-08 05:37:49,Amazar,RU,53.858,120.875,-6.99,80,100,2.77,overcast clouds
542,2021-01-08 05:37:49,Bubaque,GW,11.2833,-15.8333,78.26,76,43,12.03,scattered clouds
543,2021-01-08 05:37:49,Gasa,PS,31.5,34.4667,62.01,45,7,1.99,clear sky
544,2021-01-08 05:36:36,Portland,US,45.5234,-122.6762,48.2,66,75,23.02,broken clouds
545,2021-01-08 05:37:50,Tigil,RU,57.8,158.6667,-10.93,89,96,2.26,overcast clouds
546,2021-01-08 05:37:50,Synya,RU,65.3718,58.0387,-11.79,90,92,1.23,overcast clouds
547,2021-01-08 05:37:50,Narsimhapur,IN,22.95,79.2,80.78,35,74,7.49,broken clouds
548,2021-01-08 05:37:51,Puerto Cabezas,NI,14.0351,-83.3888,72.39,87,32,6.6,scattered clouds
549,2021-01-08 05:37:51,Pontianak,ID,-0.0333,109.3333,84.2,74,75,4.61,broken clouds
550,2021-01-08 05:37:51,Syedove,UA,47.0768,38.156,37.99,100,96,18.01,overcast clouds
551,2021-01-08 05:37:51,Lamin,GM,13.3522,-16.4339,64.4,94,0,10.4,clear sky
552,2021-01-08 05:37:52,Rovaniemi,FI,66.5,25.7167,17.6,86,75,5.75,light snow
553,2021-01-08 05:33:24,Juneau,US,58.3019,-134.4197,42.8,70,90,19.57,snow
554,2021-01-08 05:37:52,Uray,RU,60.1247,64.7758,0.28,93,100,4.97,light snow
555,2021-01-08 05:37:52,Sakakah,SA,29.9697,40.2064,41.0,60,0,6.76,clear sky
556,2021-01-08 05:37:53,Flinders,AU,-34.5833,150.8552,72.0,60,90,13.8,overcast clouds
557,2021-01-08 05:36:39,Abu Dhabi,AE,24.4667,54.3667,64.4,29,0,11.5,clear sky
558,2021-01-08 05:37:53,Winneba,GH,5.3511,-0.6231,77.0,94,0,8.05,clear sky
559,2021-01-08 05:37:54,Baruun-Urt,MN,46.6806,113.2792,-3.5,86,0,10.2,clear sky
560,2021-01-08 05:37:54,Lavrentiya,RU,65.5833,-171.0,-13.5,84,0,4.18,clear sky
561,2021-01-08 05:34:28,Puerto Madryn,AR,-42.7692,-65.0385,58.15,59,0,9.04,clear sky
562,2021-01-08 05:37:54,Satuba,BR,-9.5633,-35.8244,73.4,94,20,4.61,few clouds
563,2021-01-08 05:35:33,Carballo,ES,43.213,-8.691,36.0,96,5,5.55,clear sky
564,2021-01-08 05:37:55,Elumalai,IN,9.8667,77.7,77.0,94,75,2.3,light rain
565,2021-01-08 05:35:34,Monterey,US,36.2505,-121.2516,51.01,45,49,1.99,scattered clouds
566,2021-01-08 05:37:55,Harer,ET,9.3094,42.1258,63.52,29,0,3.71,clear sky
567,2021-01-08 05:37:55,Mattru,SL,7.6244,-11.8332,73.47,96,38,1.57,scattered clouds
568,2021-01-08 05:37:56,Qasigiannguit,GL,68.8193,-51.1922,12.2,79,90,19.57,light snow
569,2021-01-08 05:37:56,Terney,RU,45.0503,136.6092,-2.69,82,100,15.95,overcast clouds
570,2021-01-08 05:37:56,Limbe,CM,4.0242,9.2149,77.0,100,40,1.14,scattered clouds
571,2021-01-08 05:37:56,Vao,NC,-22.6667,167.4833,79.27,85,88,18.37,overcast clouds
572,2021-01-08 05:37:56,Vandra,EE,58.6481,25.0361,20.55,97,99,6.91,overcast clouds
573,2021-01-08 05:34:22,Mentougou,CN,39.9392,116.0917,23.0,21,0,17.9,clear sky
574,2021-01-08 05:37:57,Baghmara,IN,23.795,86.2085,81.81,33,37,6.4,scattered clouds
575,2021-01-08 05:37:57,Tsabong,BW,-26.0217,22.401,78.71,58,76,11.81,broken clouds
576,2021-01-08 05:37:57,Yining,CN,29.0361,114.5636,39.27,50,0,5.68,clear sky
577,2021-01-08 05:37:58,Shebunino,RU,46.4339,141.8603,12.09,83,100,8.61,light snow
578,2021-01-08 05:37:58,Thinadhoo,MV,0.5333,72.9333,83.57,79,97,18.1,overcast clouds
579,2021-01-08 05:34:12,Atambua,ID,-9.1061,124.8925,80.85,79,95,1.59,light rain
580,2021-01-08 05:37:58,Zeya,RU,53.75,127.2667,-10.39,79,96,1.88,overcast clouds
581,2021-01-08 05:37:59,Kloulklubed,PW,7.0419,134.2556,82.4,83,75,8.05,broken clouds
582,2021-01-08 05:37:59,Tual,ID,-5.6667,132.75,83.46,74,86,10.0,light rain
583,2021-01-08 05:37:59,Ojinaga,MX,29.5667,-104.4167,46.4,53,1,10.36,clear sky
584,2021-01-08 05:37:59,Bafilo,TG,9.35,1.2667,66.29,44,88,2.33,overcast clouds
585,2021-01-08 05:37:59,Yinchuan,CN,38.4681,106.2731,14.31,45,0,2.19,clear sky
586,2021-01-08 05:37:14,Ouro Preto Do Oeste,BR,-10.7481,-62.2158,71.13,96,77,2.82,moderate rain
587,2021-01-08 05:38:00,Lorengau,PG,-2.0226,147.2712,80.29,88,93,15.75,heavy intensity rain
588,2021-01-08 05:38:00,Nabire,ID,-3.3667,135.4833,85.26,67,92,4.21,moderate rain
589,2021-01-08 05:38:01,Estrella,PH,15.75,121.0333,87.69,49,21,7.99,few clouds
590,2021-01-08 05:33:20,Erenhot,CN,43.6475,111.9767,-0.13,86,0,14.65,clear sky
591,2021-01-08 05:38:01,Veraval,IN,20.9,70.3667,76.32,42,0,11.32,clear sky
592,2021-01-08 05:36:56,Antofagasta,CL,-23.65,-70.4,64.4,88,20,4.61,few clouds
593,2021-01-08 05:38:02,Beaverlodge,CA,55.2166,-119.4361,6.8,92,20,4.61,few clouds
594,2021-01-08 05:38:02,Bastrop,US,32.7562,-91.8724,41.0,87,90,11.18,overcast clouds
595,2021-01-08 05:38:02,Tiznit,MA,29.5833,-9.5,59.25,74,2,14.36,clear sky
596,2021-01-08 05:38:02,Coronado,US,32.6859,-117.1831,55.4,87,75,3.44,mist
597,2021-01-08 05:38:03,Huarmey,PE,-10.0681,-78.1522,69.49,85,23,7.38,few clouds
598,2021-01-08 05:38:03,La Fleche,FR,47.6982,-0.0755,28.4,93,0,2.24,mist
599,2021-01-08 05:38:03,Omboue,GA,-1.5746,9.2618,75.49,93,98,5.35,overcast clouds
600,2021-01-08 05:38:03,Ballina,AU,-28.8667,153.5667,69.8,88,75,10.36,light rain
601,2021-01-08 05:38:04,Zhigalovo,RU,54.8097,105.1578,-3.68,87,97,4.09,overcast clouds
602,2021-01-08 05:38:04,Chuy,UY,-33.6971,-53.4616,64.87,87,0,6.24,clear sky
603,2021-01-08 05:38:04,Komsomolskiy,UZ,40.4272,71.7189,23.0,68,75,4.61,mist
604,2021-01-08 05:38:05,Nokaneng,BW,-19.6667,22.2667,74.14,77,100,9.26,overcast clouds
605,2021-01-08 05:38:05,Malpe,IN,13.35,74.7167,82.4,74,75,6.91,light rain
606,2021-01-08 05:38:05,General Roca,AR,-39.0333,-67.5833,69.8,40,0,5.75,clear sky
607,2021-01-08 05:38:02,Los Lunas,US,34.8062,-106.7334,39.2,26,20,5.75,few clouds
608,2021-01-08 05:38:06,Ruwi,OM,23.5996,58.5507,68.0,37,20,8.05,few clouds
609,2021-01-08 05:38:06,Taoudenni,ML,22.6783,-3.9836,69.78,24,49,6.35,scattered clouds
610,2021-01-08 05:38:06,Suez,EG,29.9737,32.5263,62.08,47,0,5.82,clear sky
611,2021-01-08 05:38:06,Keita,NE,14.7551,5.7749,71.65,20,25,9.73,scattered clouds
612,2021-01-08 05:34:05,Kovur,IN,14.4833,79.9833,82.96,72,32,9.48,scattered clouds
613,2021-01-08 05:38:07,Kuryk,KZ,43.2,51.65,37.53,73,41,24.0,scattered clouds
614,2021-01-08 05:38:07,Zyryanka,RU,65.75,150.85,-23.44,83,88,5.66,overcast clouds
615,2021-01-08 05:38:08,Lima,PE,-12.0432,-77.0282,68.0,88,40,10.36,scattered clouds
616,2021-01-08 05:38:08,Sinjar,IQ,36.3209,41.8754,48.33,52,0,1.23,clear sky
617,2021-01-08 05:38:08,Fare,PF,-16.7,-151.0167,81.36,72,54,9.53,broken clouds
618,2021-01-08 05:38:08,Warrnambool,AU,-38.3833,142.4833,73.99,70,0,1.01,clear sky
619,2021-01-08 05:38:08,Hereford,GB,52.0568,-2.7148,34.0,97,96,4.45,light snow
620,2021-01-08 05:38:09,Tres Picos,MX,15.8667,-93.5333,75.56,65,12,7.07,few clouds
621,2021-01-08 05:38:09,Atar,MR,20.5169,-13.0499,63.1,52,0,1.39,clear sky
622,2021-01-08 05:38:10,Kaminskiy,RU,57.1516,41.4732,13.82,97,99,5.61,light snow
623,2021-01-08 05:38:10,Xining,CN,36.6167,101.7667,18.72,62,35,2.8,scattered clouds
624,2021-01-08 05:38:10,Chegem,RU,43.2833,43.1333,30.2,93,75,10.67,broken clouds
625,2021-01-08 05:38:10,Amli,IN,20.2833,73.0167,86.18,53,25,0.47,light rain
626,2021-01-08 05:38:11,Saint-Francois,FR,46.4154,3.9054,33.8,93,90,2.3,overcast clouds
627,2021-01-08 05:38:11,Sarahan,IN,31.5167,77.8,50.45,37,36,5.95,scattered clouds
628,2021-01-08 05:38:12,San Fernando,PH,15.0286,120.6898,87.8,55,75,9.22,broken clouds
629,2021-01-08 05:38:12,Xuddur,SO,4.1213,43.8894,72.81,55,3,23.31,clear sky
630,2021-01-08 05:38:12,Muscat,OM,23.6139,58.5922,68.0,37,20,8.05,few clouds
631,2021-01-08 05:38:12,Diffa,NE,13.3154,12.6113,70.93,32,87,10.33,overcast clouds
632,2021-01-08 05:38:13,Shangrao,CN,28.4532,117.9686,37.63,63,11,6.31,few clouds
633,2021-01-08 05:38:13,Qaqortoq,GL,60.7167,-46.0333,35.6,93,90,4.61,drizzle
634,2021-01-08 05:38:13,Tautira,PF,-17.7333,-149.15,82.4,69,75,3.44,light rain
635,2021-01-08 05:35:01,Nome,US,64.5011,-165.4064,5.0,72,90,5.75,overcast clouds
636,2021-01-08 05:38:14,Itarema,BR,-2.9248,-39.9167,80.98,74,52,15.14,broken clouds
637,2021-01-08 05:38:14,Teya,RU,60.3778,92.6267,-4.02,85,0,1.34,clear sky
638,2021-01-08 05:38:14,Blois,FR,47.5833,1.3333,28.99,100,90,1.14,overcast clouds
639,2021-01-08 05:38:15,Muroto,JP,33.2833,134.15,39.2,20,20,19.57,few clouds
640,2021-01-08 05:38:15,Nhulunbuy,AU,-12.2333,136.7667,89.6,58,20,10.36,few clouds
641,2021-01-08 05:38:15,Ifanadiana,MG,-21.3,47.6333,83.1,60,44,3.06,scattered clouds
642,2021-01-08 05:38:15,Ambon,ID,-3.6954,128.1814,89.6,62,40,8.05,scattered clouds
643,2021-01-08 05:38:16,Payo,ID,-3.7508,103.6372,83.73,76,92,4.99,light rain
644,2021-01-08 05:38:16,Kokopo,PG,-4.352,152.2633,84.4,71,98,4.79,light rain
645,2021-01-08 05:35:18,Camocim,BR,-2.9022,-40.8411,79.92,80,61,12.75,broken clouds
646,2021-01-08 05:38:16,Luanda,AO,-8.8368,13.2343,75.2,88,40,4.61,scattered clouds
647,2021-01-08 05:38:17,Lazaro Cardenas,MX,17.9583,-102.2,71.94,83,33,5.08,scattered clouds
648,2021-01-08 05:38:17,Islamabad,PK,33.7104,73.1338,54.0,74,48,1.01,light rain
649,2021-01-08 05:38:17,Faya,SA,18.3851,42.4509,53.6,87,0,1.83,clear sky
650,2021-01-08 05:38:18,Balan,RO,46.6505,25.8083,35.01,61,100,1.88,overcast clouds
651,2021-01-08 05:38:18,Shishou,CN,29.7226,112.419,36.64,54,0,4.03,clear sky
652,2021-01-08 05:38:19,Treinta Y Tres,UY,-33.2333,-54.3833,66.69,41,0,7.07,clear sky
653,2021-01-08 05:38:19,Baculin,PH,7.4525,126.5842,81.43,78,100,3.36,light rain
654,2021-01-08 05:38:19,Yenagoa,NG,4.9247,6.2642,75.58,94,97,2.33,overcast clouds
655,2021-01-08 05:38:20,Yulara,AU,-25.2406,130.9889,95.0,8,0,17.27,clear sky
656,2021-01-08 05:38:21,Linxia,CN,35.6003,103.2064,20.35,66,32,2.91,scattered clouds
657,2021-01-08 05:37:40,Laguna,US,38.421,-121.4238,42.01,93,90,3.83,fog
658,2021-01-08 05:38:22,Manggar,ID,-2.8833,108.2667,85.91,68,100,8.72,light rain
659,2021-01-08 05:38:23,Sibolga,ID,1.7427,98.7792,84.4,74,29,4.88,moderate rain
660,2021-01-08 05:38:23,Bonavista,CA,48.6499,-53.1147,39.2,100,94,2.3,overcast clouds
661,2021-01-08 05:38:23,Gimli,CA,50.6336,-96.9907,30.2,93,100,6.91,overcast clouds
662,2021-01-08 05:38:23,Hannibal,US,39.7084,-91.3585,32.0,86,90,4.61,overcast clouds
663,2021-01-08 05:38:24,Hauterive,FR,46.0901,3.4459,33.8,93,90,1.14,light snow
664,2021-01-08 05:38:25,Santa Rosa,PH,14.3122,121.1114,86.0,62,75,3.44,broken clouds
665,2021-01-08 05:38:25,Barhi,IN,23.9,80.8,80.65,38,29,9.98,scattered clouds
666,2021-01-08 05:38:26,Parabel,RU,58.6978,81.4825,-10.12,85,98,6.46,overcast clouds
667,2021-01-08 05:38:26,Magdagachi,RU,53.45,125.8,-8.9,85,74,4.14,broken clouds
668,2021-01-08 05:38:27,Nacala,MZ,-14.5428,40.6728,83.68,74,61,4.97,light rain
669,2021-01-08 05:38:27,Neyshabur,IR,36.2133,58.7958,36.68,51,0,0.67,clear sky
670,2021-01-08 05:38:28,Palana,RU,59.1167,159.9667,-7.22,88,77,5.97,broken clouds
671,2021-01-08 05:38:28,Turayf,SA,31.6725,38.6637,37.4,81,0,6.91,clear sky
672,2021-01-08 05:38:28,Borsad,IN,22.4167,72.9,73.4,78,74,5.57,haze
673,2021-01-08 05:38:28,Surman,LY,32.7567,12.5716,65.48,41,0,14.72,clear sky
674,2021-01-08 05:38:29,Pochutla,MX,15.7432,-96.4661,73.99,83,67,1.01,broken clouds
675,2021-01-08 05:38:29,Inta,RU,66.0317,60.1659,-9.85,90,7,4.25,clear sky
676,2021-01-08 05:38:29,Harper,LR,4.375,-7.7169,77.94,84,61,5.41,broken clouds
677,2021-01-08 05:38:30,Enumclaw,US,47.2043,-121.9915,39.0,100,60,8.93,broken clouds
678,2021-01-08 05:38:30,San Patricio,US,28.017,-97.5169,50.0,49,1,3.44,clear sky
679,2021-01-08 05:38:30,Betsiamites,CA,48.9413,-68.646,21.2,68,20,11.5,few clouds
680,2021-01-08 05:38:31,Lieksa,FI,63.3167,30.0167,9.81,95,79,6.58,broken clouds
681,2021-01-08 05:38:31,Matagami,CA,49.7502,-77.6328,1.4,92,90,6.91,overcast clouds
682,2021-01-08 05:38:32,Inirida,CO,3.8653,-67.9239,72.0,98,100,1.95,moderate rain
683,2021-01-08 05:38:33,Walvis Bay,NA,-22.9575,14.5053,68.0,89,100,0.89,overcast clouds
684,2021-01-08 05:38:34,Mareeba,AU,-17.0,145.4333,88.0,79,90,4.61,moderate rain
685,2021-01-08 05:38:34,Salto Del Guaira,PY,-24.0625,-54.3069,70.36,95,87,1.39,overcast clouds
686,2021-01-08 05:38:35,Vung Tau,VN,10.346,107.0843,79.84,70,75,10.92,broken clouds
687,2021-01-08 05:38:35,Menongue,AO,-14.6585,17.691,64.65,92,100,8.05,light rain
688,2021-01-08 05:35:05,Gat,IL,31.61,34.7642,62.01,44,4,1.99,clear sky
689,2021-01-08 05:38:36,Camacari,BR,-12.6975,-38.3242,80.6,74,40,6.91,scattered clouds
690,2021-01-08 05:38:36,Papar,MY,5.7333,115.9333,87.8,79,20,4.61,few clouds
691,2021-01-08 05:37:55,Itoman,JP,26.1247,127.6694,53.6,71,75,23.02,broken clouds
692,2021-01-08 05:38:37,Kurumkan,RU,54.3,110.3,-4.32,84,95,1.23,overcast clouds
693,2021-01-08 05:38:38,Loma Bonita,PA,8.3833,-80.1667,78.01,99,34,9.1,scattered clouds
694,2021-01-08 05:38:38,Morgaushi,RU,55.9643,46.7743,15.8,92,40,8.95,light snow
695,2021-01-08 05:38:38,Sao Felix Do Xingu,BR,-6.6447,-51.995,72.43,86,9,0.51,clear sky
696,2021-01-08 05:38:38,Buchanan,LR,5.8808,-10.0467,75.2,94,40,4.61,light rain
697,2021-01-08 05:38:39,Lagoa,PT,39.05,-27.9833,56.05,71,0,15.43,clear sky
698,2021-01-08 05:38:39,Banka,IN,24.8833,86.9167,80.78,35,2,11.54,clear sky
699,2021-01-08 05:38:39,San Juan De Los Morros,VE,9.9115,-67.3538,69.89,89,92,3.67,overcast clouds
700,2021-01-08 05:38:39,Yeniseysk,RU,58.4497,92.1703,-11.27,84,2,1.34,clear sky
701,2021-01-08 05:38:40,Lac Du Bonnet,CA,50.2536,-96.0612,30.99,100,100,4.34,overcast clouds
702,2021-01-08 05:38:40,Pak Phanang,TH,8.3511,100.202,87.8,74,75,10.36,broken clouds
703,2021-01-08 05:38:40,Itaituba,BR,-4.2761,-55.9836,71.96,96,6,0.43,moderate rain
704,2021-01-08 05:38:40,Paracuru,BR,-3.41,-39.0306,81.0,75,52,24.0,broken clouds
705,2021-01-08 05:38:41,Gunjur,GM,13.2019,-16.7339,64.4,94,0,14.5,clear sky
706,2021-01-08 05:38:41,Acajutla,SV,13.5928,-89.8275,76.78,75,78,3.38,broken clouds
707,2021-01-08 05:38:42,Progreso,MX,21.2833,-89.6667,70.0,88,1,11.05,clear sky
708,2021-01-08 05:38:42,Druzhba,UA,52.0428,33.9453,34.56,98,100,2.66,light rain
709,2021-01-08 05:38:43,Biak,ID,-0.9131,122.8766,81.64,77,100,2.44,light rain
710,2021-01-08 05:38:43,Kuybysheve,UA,47.358,36.6491,35.94,90,60,10.47,broken clouds
711,2021-01-08 05:36:08,Pacific Grove,US,36.6177,-121.9166,50.0,90,69,3.36,broken clouds
712,2021-01-08 05:38:43,Pringsewu,ID,-5.3582,104.9744,87.64,65,72,4.74,moderate rain
713,2021-01-08 05:38:44,Alekseyevsk,RU,57.8406,108.3492,-4.25,89,100,12.57,light snow
714,2021-01-08 05:38:44,Amahai,ID,-3.3333,128.9167,85.19,71,46,2.71,scattered clouds
715,2021-01-08 05:38:44,Morden,CA,49.1919,-98.1014,33.8,93,100,8.05,overcast clouds
716,2021-01-08 05:38:44,San Vicente,AR,-26.6167,-54.1333,63.84,100,88,1.14,overcast clouds
717,2021-01-08 05:37:10,Mogadishu,SO,2.0371,45.3438,77.0,65,20,13.8,few clouds
718,2021-01-08 05:38:45,Beira,MZ,-19.8436,34.8389,82.4,89,40,5.75,moderate rain
719,2021-01-08 05:38:45,Texarkana,US,33.4251,-94.0477,39.99,87,1,3.44,clear sky
720,2021-01-08 05:38:45,Jasper,US,37.2001,-94.3502,33.8,75,90,10.36,overcast clouds
721,2021-01-08 05:38:46,Porto Novo,BJ,6.4965,2.6036,80.6,89,40,6.91,light rain
722,2021-01-08 05:38:46,Kungurtug,RU,50.5994,97.5228,-5.87,84,51,1.12,broken clouds
723,2021-01-08 05:38:46,Sainte-Maxime,FR,43.3,6.6333,33.01,100,41,3.44,scattered clouds
724,2021-01-08 05:38:46,Carora,VE,10.1755,-70.0827,73.51,81,93,6.69,overcast clouds
725,2021-01-08 05:38:47,Atherton,GB,53.5237,-2.4935,36.0,87,100,1.99,snow
726,2021-01-08 05:38:47,Khasan,RU,42.4308,130.6434,2.71,76,0,22.39,clear sky
727,2021-01-08 05:38:47,Krasnyy Chikoy,RU,50.3643,108.7512,4.77,89,100,10.87,overcast clouds
728,2021-01-08 05:38:48,Envira,BR,-7.3,-70.2167,69.46,99,84,1.14,broken clouds
729,2021-01-08 05:38:48,Vittoria,IT,36.9537,14.5332,53.01,100,4,3.44,clear sky
730,2021-01-08 05:38:48,Kommunisticheskiy,RU,61.6789,64.4819,-5.31,92,97,1.99,overcast clouds
